City_ID,City,Country,Lat,Lng,Max Temp,Humidity,Cloudiness,Wind Speed,Current Description,Date
0,Bogale,MM,16.2833,95.4,79.92,81,25,4.85,scattered clouds,2022-04-17 00:29:21
1,Coquimbo,CL,-29.9533,-71.3436,57.02,88,20,5.26,few clouds,2022-04-17 00:29:21
2,Ribeira Grande,PT,38.5167,-28.7,60.04,78,10,16.98,clear sky,2022-04-17 00:24:23
3,Lima,PE,-12.0432,-77.0282,64.65,44,0,14.97,clear sky,2022-04-17 00:24:49
4,Tuktoyaktuk,CA,69.4541,-133.0374,3.2,66,75,4.61,broken clouds,2022-04-17 00:29:22
5,Chifeng,CN,42.2683,118.9636,51.85,22,32,10.78,scattered clouds,2022-04-17 00:29:22
6,Germenchuk,RU,43.1857,45.921,44.29,78,10,2.08,clear sky,2022-04-17 00:29:23
7,Bredasdorp,ZA,-34.5322,20.0403,55.98,81,0,6.76,clear sky,2022-04-17 00:29:23
8,Hualmay,PE,-11.0964,-77.6139,67.06,83,93,10.71,overcast clouds,2022-04-17 00:29:23
9,Vaini,TO,-21.2,-175.2,84.36,79,75,8.05,broken clouds,2022-04-17 00:29:24
10,Thompson,CA,55.7435,-97.8558,26.76,36,75,3.44,broken clouds,2022-04-17 00:26:34
11,Hermanus,ZA,-34.4187,19.2345,57.79,79,3,15.35,clear sky,2022-04-17 00:29:24
12,Coihaique,CL,-45.5752,-72.0662,46.35,81,0,4.61,clear sky,2022-04-17 00:29:24
13,Victoria,HK,22.2855,114.1577,72.18,82,100,11.01,overcast clouds,2022-04-17 00:28:11
14,Aklavik,CA,68.2191,-135.0107,14.65,75,17,12.91,few clouds,2022-04-17 00:29:25
15,Souillac,MU,-20.5167,57.5167,75.58,100,75,11.5,shower rain,2022-04-17 00:29:25
16,Punta Arenas,CL,-53.15,-70.9167,46.51,76,40,13.8,scattered clouds,2022-04-17 00:29:25
17,Mar Del Plata,AR,-38.0023,-57.5575,64.09,94,0,11.99,clear sky,2022-04-17 00:27:41
18,Cape Town,ZA,-33.9258,18.4232,60.91,72,0,11.01,clear sky,2022-04-17 00:29:26
19,Lorengau,PG,-2.0226,147.2712,84.63,71,32,5.57,scattered clouds,2022-04-17 00:29:26
20,New Norfolk,AU,-42.7826,147.0587,69.3,66,100,1.01,overcast clouds,2022-04-17 00:29:27
21,Dakar,SN,14.6937,-17.4441,68.13,83,0,6.91,clear sky,2022-04-17 00:27:25
22,Bluff,NZ,-46.6,168.3333,53.8,61,88,6.55,overcast clouds,2022-04-17 00:29:27
23,Rikitea,PF,-23.1203,-134.9692,78.64,70,35,13.56,light rain,2022-04-17 00:29:27
24,Kaya,BF,13.0917,-1.0844,86.88,28,100,6.76,overcast clouds,2022-04-17 00:29:28
25,Hamilton,US,39.1834,-84.5333,56.64,38,0,18.41,clear sky,2022-04-17 00:26:52
26,Yellowknife,CA,62.456,-114.3525,14.56,48,20,6.91,few clouds,2022-04-17 00:28:56
27,Busselton,AU,-33.65,115.3333,59.2,64,22,9.17,few clouds,2022-04-17 00:29:28
28,Avarua,CK,-21.2078,-159.775,84.25,74,40,10.36,scattered clouds,2022-04-17 00:29:29
29,Port Alfred,ZA,-33.5906,26.891,60.19,92,100,10.07,overcast clouds,2022-04-17 00:29:29
30,Hilo,US,19.7297,-155.09,73.27,88,100,10.0,moderate rain,2022-04-17 00:25:12
31,Butaritari,KI,3.0707,172.7902,81.61,77,44,12.37,scattered clouds,2022-04-17 00:29:29
32,Bambous Virieux,MU,-20.3428,57.7575,77.22,100,75,11.5,shower rain,2022-04-17 00:29:30
33,Carazinho,BR,-28.2839,-52.7864,53.38,87,0,9.51,clear sky,2022-04-17 00:29:30
34,Tiksi,RU,71.6872,128.8694,-0.6,94,75,5.53,broken clouds,2022-04-17 00:24:34
35,Ushuaia,AR,-54.8,-68.3,38.86,70,0,8.05,clear sky,2022-04-17 00:29:31
36,Matamoros,MX,25.5333,-103.25,93.31,9,75,6.91,broken clouds,2022-04-17 00:29:31
37,Shimoda,JP,34.6667,138.95,57.56,75,100,10.02,overcast clouds,2022-04-17 00:29:31
38,Seoul,KR,37.5683,126.9778,53.17,62,0,4.61,haze,2022-04-17 00:28:30
39,Barrow,US,71.2906,-156.7887,8.62,72,0,20.71,clear sky,2022-04-17 00:29:32
40,Portland,US,45.5234,-122.6762,53.46,62,75,8.99,broken clouds,2022-04-17 00:26:37
41,Luderitz,NA,-26.6481,15.1594,62.17,61,0,11.99,clear sky,2022-04-17 00:29:32
42,Arkhangelskoye,RU,55.8549,35.3287,27.36,90,57,11.16,broken clouds,2022-04-17 00:29:33
43,Chokurdakh,RU,70.6333,147.9167,2.64,92,88,2.66,overcast clouds,2022-04-17 00:29:33
44,Bhera,PK,32.4832,72.9097,73.8,33,72,5.5,broken clouds,2022-04-17 00:29:33
45,Georgetown,MY,5.4112,100.3354,80.53,93,20,3.44,few clouds,2022-04-17 00:29:34
46,Suntar,RU,62.1444,117.6319,26.22,77,92,7.65,overcast clouds,2022-04-17 00:29:34
47,Albany,US,42.6001,-73.9662,39.56,91,100,5.23,overcast clouds,2022-04-17 00:29:34
48,Castro,BR,-24.7911,-50.0119,52.32,88,0,4.43,clear sky,2022-04-17 00:29:35
49,Khatanga,RU,71.9667,102.5,18.19,96,98,6.38,overcast clouds,2022-04-17 00:29:35
50,Mareeba,AU,-17.0,145.4333,79.45,71,99,5.64,overcast clouds,2022-04-17 00:29:36
51,Lebu,CL,-37.6167,-73.65,53.4,92,27,10.09,scattered clouds,2022-04-17 00:29:36
52,Merritt Island,US,28.5392,-80.672,78.1,77,0,9.22,clear sky,2022-04-17 00:25:29
53,Clyde River,CA,70.4692,-68.5914,-9.17,77,100,4.61,light snow,2022-04-17 00:29:36
54,Ponta Do Sol,PT,32.6667,-17.1,72.23,35,100,6.93,overcast clouds,2022-04-17 00:28:11
55,Pevek,RU,69.7008,170.3133,7.38,90,100,7.23,overcast clouds,2022-04-17 00:29:37
56,Maragogi,BR,-9.0122,-35.2225,79.16,88,26,8.88,scattered clouds,2022-04-17 00:29:37
57,Ushtobe,KZ,45.2514,77.9838,53.33,27,0,5.59,clear sky,2022-04-17 00:29:38
58,Hithadhoo,MV,-0.6,73.0833,83.21,64,85,7.0,overcast clouds,2022-04-17 00:29:38
59,Port Elizabeth,ZA,-33.918,25.5701,62.89,86,20,11.5,few clouds,2022-04-17 00:25:50
60,Emerald,AU,-23.5333,148.1667,77.34,44,0,10.36,clear sky,2022-04-17 00:27:52
61,Goderich,CA,43.7501,-81.7165,33.91,74,69,9.22,broken clouds,2022-04-17 00:29:39
62,Atuona,PF,-9.8,-139.0333,79.56,78,30,16.55,scattered clouds,2022-04-17 00:29:39
63,Nanortalik,GL,60.1432,-45.2371,29.19,85,24,10.2,few clouds,2022-04-17 00:29:39
64,Saldanha,ZA,-33.0117,17.9442,59.05,64,0,11.43,clear sky,2022-04-17 00:29:40
65,Ostrovnoy,RU,68.0531,39.5131,32.23,97,100,19.91,light snow,2022-04-17 00:29:40
66,Goure,NE,13.9835,10.2704,81.16,56,58,11.77,broken clouds,2022-04-17 00:29:40
67,Sobolevo,RU,54.4299,31.8996,30.6,86,94,12.24,overcast clouds,2022-04-17 00:29:41
68,Bandarbeyla,SO,9.4942,50.8122,80.71,80,49,6.31,scattered clouds,2022-04-17 00:29:41
69,Katsuura,JP,35.1333,140.3,58.15,58,98,11.48,overcast clouds,2022-04-17 00:29:42
70,Colombia,CU,20.9881,-77.4297,71.44,87,99,2.93,overcast clouds,2022-04-17 00:29:42
71,Maningrida,AU,-12.0667,134.2667,82.47,70,70,12.55,broken clouds,2022-04-17 00:29:42
72,Carnarvon,AU,-24.8667,113.6333,73.47,78,100,14.97,overcast clouds,2022-04-17 00:29:43
73,Tupsan,PH,9.1992,124.7769,81.0,79,63,4.07,broken clouds,2022-04-17 00:29:43
74,Mataura,NZ,-46.1927,168.8643,53.47,54,70,5.01,broken clouds,2022-04-17 00:29:44
75,Balykshi,KZ,47.0667,51.8667,41.0,100,75,2.24,fog,2022-04-17 00:29:44
76,Iqaluit,CA,63.7506,-68.5145,10.13,78,75,4.61,broken clouds,2022-04-17 00:29:44
77,Qeshm,IR,26.9581,56.2719,78.69,73,36,4.88,scattered clouds,2022-04-17 00:29:45
78,Qaanaaq,GL,77.484,-69.3632,-16.87,74,16,6.31,few clouds,2022-04-17 00:29:45
79,Touros,BR,-5.1989,-35.4608,79.21,84,87,6.26,overcast clouds,2022-04-17 00:29:45
80,Birjand,IR,32.8663,59.2211,63.07,34,75,4.61,broken clouds,2022-04-17 00:29:46
81,Bata,GQ,1.8639,9.7658,78.66,86,100,4.52,overcast clouds,2022-04-17 00:29:46
82,Ancud,CL,-41.8697,-73.8203,56.23,87,5,3.2,clear sky,2022-04-17 00:29:46
83,Kapaa,US,22.0752,-159.319,80.58,95,75,21.85,heavy intensity rain,2022-04-17 00:29:47
84,New Waterford,US,40.8451,-80.6145,48.52,59,85,9.35,overcast clouds,2022-04-17 00:29:47
85,Saint-Philippe,RE,-21.3585,55.7679,76.59,79,50,10.83,scattered clouds,2022-04-17 00:29:47
86,Svetlyy,RU,54.675,20.1347,37.45,89,65,6.55,broken clouds,2022-04-17 00:29:48
87,Ahipara,NZ,-35.1667,173.1667,68.4,69,100,15.48,overcast clouds,2022-04-17 00:29:48
88,Makakilo City,US,21.3469,-158.0858,82.72,61,75,18.41,broken clouds,2022-04-17 00:24:59
89,Kodiak,US,57.79,-152.4072,40.51,75,100,16.11,overcast clouds,2022-04-17 00:28:14
90,Barra Patuca,HN,15.8,-84.2833,79.12,75,64,10.47,broken clouds,2022-04-17 00:29:49
91,Port Lincoln,AU,-34.7333,135.8667,66.11,80,100,10.09,overcast clouds,2022-04-17 00:29:49
92,Fort Nelson,CA,58.8053,-122.7002,18.99,79,100,14.97,light snow,2022-04-17 00:26:58
93,Narsaq,GL,60.9167,-46.05,35.82,87,6,3.38,clear sky,2022-04-17 00:28:10
94,Hobart,AU,-42.8794,147.3294,69.66,69,0,10.36,clear sky,2022-04-17 00:27:41
95,Gat,IL,31.61,34.7642,67.41,36,44,4.41,scattered clouds,2022-04-17 00:29:50
96,Chanika,TZ,-5.4167,38.0167,66.34,98,98,2.75,overcast clouds,2022-04-17 00:29:50
97,Minsk,BY,53.9,27.5667,35.35,73,94,11.27,overcast clouds,2022-04-17 00:26:41
98,Meulaboh,ID,4.1363,96.1285,78.1,87,49,2.84,scattered clouds,2022-04-17 00:29:51
99,Pangnirtung,CA,66.1451,-65.7125,-0.18,94,94,5.59,overcast clouds,2022-04-17 00:29:51
100,Lasa,IT,46.6166,10.7002,43.68,80,33,7.05,scattered clouds,2022-04-17 00:29:51
101,Sitka,US,57.0531,-135.33,46.29,53,0,6.91,clear sky,2022-04-17 00:29:52
102,Jipijapa,EC,-1.3333,-80.5833,74.7,91,85,4.18,overcast clouds,2022-04-17 00:29:52
103,Baykit,RU,61.67,96.37,38.55,98,100,4.45,overcast clouds,2022-04-17 00:29:52
104,Tura,IN,25.5198,90.2201,70.25,93,40,7.11,scattered clouds,2022-04-17 00:29:53
105,Saint-Georges,GD,12.0564,-61.7485,80.28,78,20,21.85,few clouds,2022-04-17 00:28:30
106,Upernavik,GL,72.7868,-56.1549,-13.04,99,35,9.24,scattered clouds,2022-04-17 00:29:53
107,Tasiilaq,GL,65.6145,-37.6368,35.76,97,100,10.76,light rain,2022-04-17 00:29:54
108,Sistranda,NO,63.7256,8.834,37.36,85,99,5.91,overcast clouds,2022-04-17 00:29:54
109,Sao Joao Da Barra,BR,-21.6403,-41.0511,70.45,73,57,11.56,broken clouds,2022-04-17 00:27:15
110,Namikupa,TZ,-10.8333,39.6,70.07,98,18,3.96,light rain,2022-04-17 00:29:54
111,Salalah,OM,17.0151,54.0924,80.69,89,20,3.44,few clouds,2022-04-17 00:29:55
112,Pemangkat,ID,1.1667,108.9667,78.93,84,93,5.84,overcast clouds,2022-04-17 00:29:55
113,Puerto Maldonado,PE,-12.6,-69.1833,75.6,88,75,0.0,broken clouds,2022-04-17 00:29:55
114,Tuxpan,MX,19.55,-103.4,78.57,32,94,7.05,overcast clouds,2022-04-17 00:29:56
115,Ambilobe,MG,-13.2,49.05,69.93,90,2,3.44,clear sky,2022-04-17 00:29:56
116,Namatanai,PG,-3.6667,152.4333,83.48,73,99,5.55,light rain,2022-04-17 00:28:08
117,Severo-Kurilsk,RU,50.6789,156.125,32.09,76,100,8.14,overcast clouds,2022-04-17 00:29:57
118,Bend,US,44.0582,-121.3153,42.66,52,87,7.0,overcast clouds,2022-04-17 00:29:57
119,Dzaoudzi,YT,-12.7887,45.2699,82.29,83,0,11.5,clear sky,2022-04-17 00:29:57
120,Lang Son,VN,21.8333,106.7333,57.04,92,100,5.91,overcast clouds,2022-04-17 00:29:58
121,Cabo San Lucas,MX,22.8909,-109.9124,86.61,44,100,10.18,overcast clouds,2022-04-17 00:29:58
122,Bad Freienwalde,DE,52.7873,14.0304,41.56,69,67,1.99,broken clouds,2022-04-17 00:29:58
123,Jamestown,US,42.097,-79.2353,40.51,52,100,8.05,overcast clouds,2022-04-17 00:29:59
124,Chaman,PK,30.9236,66.4512,71.78,18,98,2.21,overcast clouds,2022-04-17 00:29:59
125,Olga,RU,43.7444,135.2892,48.34,39,99,8.39,overcast clouds,2022-04-17 00:29:59
126,Riberalta,BO,-10.9833,-66.1,73.42,88,62,2.24,broken clouds,2022-04-17 00:30:00
127,Nikolo-Pavlovskoye,RU,57.7831,60.0578,28.08,81,51,8.08,broken clouds,2022-04-17 00:30:00
128,Corrente,BR,-3.7367,-43.3394,72.99,98,100,2.55,overcast clouds,2022-04-17 00:30:01
129,Cairns,AU,-16.9167,145.7667,84.07,77,75,9.22,broken clouds,2022-04-17 00:30:02
130,Wuxue,CN,29.8506,115.5525,58.93,64,100,1.12,overcast clouds,2022-04-17 00:30:03
131,Vestmannaeyjar,IS,63.4427,-20.2734,46.31,91,96,13.87,overcast clouds,2022-04-17 00:30:03
132,Faanui,PF,-16.4833,-151.75,81.37,72,7,12.37,clear sky,2022-04-17 00:28:04
133,Saskylakh,RU,71.9167,114.0833,17.37,93,100,18.43,overcast clouds,2022-04-17 00:30:04
134,Daru,PG,-9.0763,143.2092,85.98,69,77,5.59,broken clouds,2022-04-17 00:30:05
135,Svetlogorsk,BY,52.6333,29.7333,34.27,93,100,13.38,overcast clouds,2022-04-17 00:30:06
136,Puerto Ayora,EC,-0.7393,-90.3518,75.52,90,90,5.64,overcast clouds,2022-04-17 00:30:07
137,Savalou,BJ,7.9281,1.9756,78.28,76,73,2.55,broken clouds,2022-04-17 00:30:08
138,Kununurra,AU,-15.7667,128.7333,85.98,70,94,3.44,overcast clouds,2022-04-17 00:30:09
139,Doha,QA,25.2867,51.5333,80.58,45,0,11.5,clear sky,2022-04-17 00:26:24
140,Kamyshin,RU,50.0983,45.416,52.09,74,100,5.19,overcast clouds,2022-04-17 00:30:10
141,Namibe,AO,-15.1961,12.1522,72.3,75,63,7.2,broken clouds,2022-04-17 00:30:11
142,Constitucion,CL,-35.3333,-72.4167,53.06,84,3,7.23,clear sky,2022-04-17 00:25:56
143,Gizo,SB,-8.103,156.8419,82.18,73,100,5.28,light rain,2022-04-17 00:30:12
144,Iracoubo,GF,5.4802,-53.2011,78.01,87,100,10.4,overcast clouds,2022-04-17 00:30:12
145,Moose Factory,CA,51.2585,-80.6094,32.0,86,100,9.22,overcast clouds,2022-04-17 00:30:13
146,Dukat,RU,62.55,155.55,18.64,86,100,7.92,overcast clouds,2022-04-17 00:30:13
147,Sonoita,MX,31.85,-112.8333,82.89,12,0,12.73,clear sky,2022-04-17 00:30:13
148,Kyaukse,MM,21.6,96.1333,84.2,65,40,4.61,scattered clouds,2022-04-17 00:26:11
149,Vostok,RU,46.4856,135.8833,37.94,49,58,15.7,broken clouds,2022-04-17 00:30:03
150,Sambava,MG,-14.2667,50.1667,72.99,87,5,8.7,clear sky,2022-04-17 00:30:14
151,Chuncheng,CN,22.1731,111.7886,66.6,84,100,4.65,overcast clouds,2022-04-17 00:30:15
152,Serenje,ZM,-13.2325,30.2352,59.83,95,10,4.63,clear sky,2022-04-17 00:30:15
153,Norman Wells,CA,65.282,-126.8329,17.64,35,0,4.61,clear sky,2022-04-17 00:29:30
154,Esperance,AU,-33.8667,121.9,60.64,67,92,14.54,overcast clouds,2022-04-17 00:30:18
155,High Level,CA,58.5169,-117.136,28.51,64,100,17.27,light snow,2022-04-17 00:30:19
156,Olinda,BR,-8.0089,-34.8553,83.93,74,40,6.91,scattered clouds,2022-04-17 00:30:19
157,Fortuna,US,40.5982,-124.1573,52.99,62,20,12.66,few clouds,2022-04-17 00:29:24
158,Bicas,BR,-21.7253,-43.0594,58.87,95,0,4.76,clear sky,2022-04-17 00:30:20
159,Mahebourg,MU,-20.4081,57.7,77.25,100,75,11.5,shower rain,2022-04-17 00:30:20
160,Dikson,RU,73.5069,80.5464,6.12,95,100,14.38,overcast clouds,2022-04-17 00:30:21
161,Beisfjord,NO,68.3751,17.5988,43.05,99,100,4.16,overcast clouds,2022-04-17 00:30:21
162,Geraldton,AU,-28.7667,114.6,66.61,77,100,12.66,overcast clouds,2022-04-17 00:30:22
163,Cidreira,BR,-30.1811,-50.2056,65.79,74,99,7.52,overcast clouds,2022-04-17 00:29:52
164,Fairbanks,US,64.8378,-147.7164,35.56,32,0,14.97,clear sky,2022-04-17 00:30:00
165,Pisco,PE,-13.7,-76.2167,65.01,82,0,17.27,clear sky,2022-04-17 00:30:22
166,Ilulissat,GL,69.2167,-51.1,-6.86,93,15,6.11,few clouds,2022-04-17 00:30:22
167,Concepcion Del Uruguay,AR,-32.4825,-58.2372,61.99,77,95,6.08,overcast clouds,2022-04-17 00:30:23
168,Belyy Yar,RU,53.6039,91.3903,33.69,64,52,2.24,broken clouds,2022-04-17 00:30:23
169,Leh,IN,34.1667,77.5833,33.15,46,0,5.35,clear sky,2022-04-17 00:30:23
170,Airai,TL,-8.9266,125.4092,72.14,63,28,2.24,scattered clouds,2022-04-17 00:30:24
171,Cabano,PH,10.5869,122.7002,82.54,74,100,12.93,overcast clouds,2022-04-17 00:30:24
172,Broken Hill,AU,-31.95,141.4333,78.51,25,0,19.57,clear sky,2022-04-17 00:30:25
173,East London,ZA,-33.0153,27.9116,61.63,77,100,6.13,overcast clouds,2022-04-17 00:30:25
174,Drezdenko,PL,52.8383,15.8308,34.45,70,100,3.96,overcast clouds,2022-04-17 00:30:25
175,Salinopolis,BR,-0.6136,-47.3561,78.42,88,100,7.29,overcast clouds,2022-04-17 00:30:26
176,Konevo,RU,62.1215,39.3192,26.13,93,100,3.94,overcast clouds,2022-04-17 00:30:26
177,Mayo,US,38.8876,-76.5119,68.88,85,75,6.91,thunderstorm,2022-04-17 00:30:26
178,Kenai,US,60.5544,-151.2583,45.03,70,100,8.05,overcast clouds,2022-04-17 00:30:27
179,Tilichiki,RU,60.4667,166.1,30.24,89,78,5.73,broken clouds,2022-04-17 00:30:27
180,Ismailia,EG,30.6043,32.2723,68.61,23,2,9.89,clear sky,2022-04-17 00:30:27
181,Dali,CN,25.7,100.1833,63.75,56,0,5.59,clear sky,2022-04-17 00:30:28
182,Taiyuan,CN,37.8694,112.5603,51.66,35,0,4.47,clear sky,2022-04-17 00:30:28
183,Farafangana,MG,-22.8167,47.8333,73.4,85,2,3.42,clear sky,2022-04-17 00:30:28
184,Odienne,CI,9.51,-7.5692,73.42,83,100,5.26,overcast clouds,2022-04-17 00:30:29
185,Biloela,AU,-24.4167,150.5,79.12,35,0,11.97,clear sky,2022-04-17 00:30:29
186,Lavrentiya,RU,65.5833,-171.0,30.45,94,99,10.09,light snow,2022-04-17 00:27:57
187,San Patricio,US,28.017,-97.5169,84.29,79,62,12.01,broken clouds,2022-04-17 00:30:29
188,Zharkent,KZ,44.1628,80.0,60.22,17,0,3.94,clear sky,2022-04-17 00:30:30
189,Miles City,US,46.4083,-105.8406,34.77,60,75,17.27,broken clouds,2022-04-17 00:30:30
190,Santa Cruz Del Sur,CU,20.7147,-77.9956,73.31,85,100,11.79,overcast clouds,2022-04-17 00:30:30
191,Raudeberg,NO,61.9875,5.1352,44.87,70,100,10.29,overcast clouds,2022-04-17 00:30:31
192,Pahrump,US,36.2083,-115.9839,74.84,19,0,7.0,clear sky,2022-04-17 00:30:31
193,Mayumba,GA,-3.432,10.6554,77.07,92,27,4.03,light rain,2022-04-17 00:26:50
194,Liberty,US,31.8335,-81.5004,73.65,41,20,4.61,few clouds,2022-04-17 00:30:32
195,Kousseri,CM,12.0769,15.0306,89.2,41,85,2.48,overcast clouds,2022-04-17 00:30:32
196,Dergachi,RU,51.2328,48.7659,46.54,79,97,8.52,overcast clouds,2022-04-17 00:30:32
197,Bengkulu,ID,-3.8004,102.2655,80.51,76,100,3.04,overcast clouds,2022-04-17 00:30:33
198,Tigil,RU,57.8,158.6667,25.63,82,98,7.7,overcast clouds,2022-04-17 00:30:33
199,Gushikawa,JP,26.3544,127.8686,67.23,68,100,6.91,overcast clouds,2022-04-17 00:30:33
200,Gondanglegi,ID,-7.7479,112.0132,82.18,77,70,4.74,broken clouds,2022-04-17 00:30:34
201,Gamba,GA,-2.65,10.0,76.46,92,48,2.93,light rain,2022-04-17 00:30:34
202,Nauchnyy Gorodok,RU,53.4203,83.521,52.66,21,0,11.18,clear sky,2022-04-17 00:30:34
203,Pathein,MM,16.7833,94.7333,79.77,84,8,4.5,clear sky,2022-04-17 00:27:09
204,Washington,US,47.5001,-120.5015,47.05,45,100,4.63,overcast clouds,2022-04-17 00:26:52
205,Yuli,NG,9.6989,10.2744,84.0,56,78,4.27,broken clouds,2022-04-17 00:30:35
206,Nouadhibou,MR,20.931,-17.0347,64.38,88,75,11.5,broken clouds,2022-04-17 00:30:35
207,Port-Gentil,GA,-0.7193,8.7815,80.96,80,100,5.5,overcast clouds,2022-04-17 00:30:36
208,Dunda,TZ,-8.1167,34.25,61.66,96,95,1.61,overcast clouds,2022-04-17 00:30:36
209,Conakry,GN,9.538,-13.6773,78.87,78,0,4.61,clear sky,2022-04-17 00:30:36
210,Jinji,CN,23.2281,110.8261,57.25,91,100,4.18,overcast clouds,2022-04-17 00:30:37
211,Przasnysz,PL,53.0191,20.8803,34.38,86,100,7.14,overcast clouds,2022-04-17 00:30:37
212,San Policarpo,PH,12.1791,125.5072,81.27,79,97,6.29,overcast clouds,2022-04-17 00:30:37
213,Lobez,PL,53.6392,15.6213,33.69,76,100,2.91,overcast clouds,2022-04-17 00:30:38
214,Andilamena,MG,-17.0167,48.5833,63.73,89,58,7.47,broken clouds,2022-04-17 00:30:38
215,Hofn,IS,64.2539,-15.2082,46.17,98,97,6.71,overcast clouds,2022-04-17 00:30:39
216,Kavieng,PG,-2.5744,150.7967,83.79,74,36,9.82,light rain,2022-04-17 00:27:00
217,Mount Gambier,AU,-37.8333,140.7667,73.31,33,75,18.41,broken clouds,2022-04-17 00:30:39
218,Milkovo,RU,54.7167,158.6167,31.66,49,100,6.2,overcast clouds,2022-04-17 00:30:39
219,Lyuban,BY,52.7985,28.0048,33.12,84,67,12.46,broken clouds,2022-04-17 00:30:40
220,Ginda,IN,30.6945,78.4932,54.9,33,0,7.49,clear sky,2022-04-17 00:30:40
221,Tuatapere,NZ,-46.1333,167.6833,56.01,54,100,2.77,overcast clouds,2022-04-17 00:30:40
222,San Rafael,AR,-34.6177,-68.3301,63.27,41,2,6.2,clear sky,2022-04-17 00:30:41
223,Talnakh,RU,69.4865,88.3972,14.54,94,100,15.03,overcast clouds,2022-04-17 00:30:41
224,Kuruman,ZA,-27.4524,23.4325,56.8,80,95,13.71,overcast clouds,2022-04-17 00:30:41
225,Vila Franca Do Campo,PT,37.7167,-25.4333,61.21,90,98,8.7,overcast clouds,2022-04-17 00:30:42
226,Alihe,CN,50.5667,123.7167,37.49,36,13,7.61,few clouds,2022-04-17 00:30:42
227,Waipawa,NZ,-41.4122,175.5153,56.28,59,19,8.5,few clouds,2022-04-17 00:30:42
228,Yumen,CN,40.2833,97.2,44.55,26,0,6.15,clear sky,2022-04-17 00:30:43
229,Alice Town,BS,25.7167,-79.3,78.42,70,0,16.58,clear sky,2022-04-17 00:30:43
230,Dzialdowo,PL,53.2396,20.17,32.56,85,100,7.38,overcast clouds,2022-04-17 00:30:43
231,Leningradskiy,RU,69.3833,178.4167,13.64,88,96,9.17,overcast clouds,2022-04-17 00:30:44
232,Mugur-Aksy,RU,50.35,90.5,36.9,35,1,4.63,clear sky,2022-04-17 00:30:44
233,Christchurch,NZ,-43.5333,172.6333,56.95,86,100,11.5,overcast clouds,2022-04-17 00:30:44
234,Santa Maria,BR,-29.6842,-53.8069,58.3,88,40,4.61,scattered clouds,2022-04-17 00:30:45
235,Kaitangata,NZ,-46.2817,169.8464,54.99,55,73,9.1,broken clouds,2022-04-17 00:30:45
236,Batagay,RU,67.6333,134.6333,16.36,85,100,2.15,overcast clouds,2022-04-17 00:30:46
237,Jurm,AF,36.8648,70.8342,59.13,38,100,4.92,overcast clouds,2022-04-17 00:30:46
238,Saint-Leu,RE,-21.15,55.2833,76.06,76,8,2.48,clear sky,2022-04-17 00:30:46
239,Vatava,RO,46.9667,24.7667,35.02,87,100,6.6,light snow,2022-04-17 00:30:47
240,Payo,ID,-3.7508,103.6372,75.09,97,100,1.25,overcast clouds,2022-04-17 00:30:47
241,Krasnoselkup,RU,65.7,82.4667,17.33,93,100,16.67,overcast clouds,2022-04-17 00:30:47
242,Vanavara,RU,60.34,102.2797,41.41,93,100,10.89,overcast clouds,2022-04-17 00:30:48
243,Sorland,NO,67.667,12.6934,42.21,98,100,20.74,light rain,2022-04-17 00:30:48
244,Saint George,US,37.1041,-113.5841,76.24,14,0,26.46,clear sky,2022-04-17 00:30:48
245,Provideniya,RU,64.3833,-173.3,32.74,93,98,11.52,light snow,2022-04-17 00:30:49
246,Nova Venecia,BR,-18.7106,-40.4006,71.4,78,100,5.3,overcast clouds,2022-04-17 00:30:49
247,Suclayin,PH,15.7568,121.5503,81.99,73,14,3.67,few clouds,2022-04-17 00:30:49
248,Auki,SB,-8.7676,160.7034,85.77,64,93,3.4,overcast clouds,2022-04-17 00:30:50
249,Rocha,UY,-34.4833,-54.3333,54.28,90,0,1.86,clear sky,2022-04-17 00:30:50
250,Gigmoto,PH,13.7796,124.39,80.82,80,82,6.91,broken clouds,2022-04-17 00:30:50
251,Zilair,RU,52.2332,57.4392,32.41,86,6,2.39,clear sky,2022-04-17 00:30:51
252,Huarmey,PE,-10.0681,-78.1522,67.71,83,99,10.11,overcast clouds,2022-04-17 00:30:51
253,Korla,CN,41.7597,86.1469,52.07,13,0,1.81,clear sky,2022-04-17 00:30:52
254,Sann,PK,26.0418,68.1378,75.11,39,53,9.71,broken clouds,2022-04-17 00:30:52
255,Lagoa,PT,39.05,-27.9833,58.5,74,0,14.29,clear sky,2022-04-17 00:30:52
256,Krutikha,RU,53.9599,81.2093,47.66,54,97,5.82,overcast clouds,2022-04-17 00:30:53
257,Dudinka,RU,69.4058,86.1778,11.01,96,100,13.13,overcast clouds,2022-04-17 00:30:53
258,Bethel,US,41.3712,-73.414,50.31,84,100,10.36,overcast clouds,2022-04-17 00:30:53
259,Filottrano,IT,43.4355,13.3514,53.28,72,68,5.99,broken clouds,2022-04-17 00:30:54
260,Bathsheba,BB,13.2167,-59.5167,79.41,78,75,18.41,broken clouds,2022-04-17 00:30:54
261,Deputatskiy,RU,69.3,139.9,10.27,89,100,3.85,overcast clouds,2022-04-17 00:30:54
262,La Maddalena,IT,41.2142,9.4083,59.16,68,30,28.81,scattered clouds,2022-04-17 00:26:05
263,Cabo Rojo,PR,18.0866,-67.1457,79.25,82,65,1.99,broken clouds,2022-04-17 00:30:55
264,Nemuro,JP,43.3236,145.575,39.87,74,2,13.6,clear sky,2022-04-17 00:30:55
265,Sanandaj,IR,35.3144,46.9923,37.42,45,0,0.0,clear sky,2022-04-17 00:30:55
266,Guiratinga,BR,-16.3494,-53.7583,72.7,75,46,4.41,scattered clouds,2022-04-17 00:30:56
267,Bilma,NE,18.6853,12.9164,84.29,11,100,9.69,overcast clouds,2022-04-17 00:30:56
268,Atar,MR,20.5169,-13.0499,78.06,13,0,2.39,clear sky,2022-04-17 00:30:57
269,Inhambane,MZ,-23.865,35.3833,72.46,91,63,5.64,moderate rain,2022-04-17 00:30:57
270,Srednekolymsk,RU,67.45,153.6833,17.11,87,100,6.89,overcast clouds,2022-04-17 00:30:57
271,Najran,SA,17.4924,44.1277,81.25,26,3,3.33,clear sky,2022-04-17 00:30:58
272,Hambantota,LK,6.1241,81.1185,79.14,100,75,4.61,broken clouds,2022-04-17 00:30:58
273,Biak,ID,-0.9131,122.8766,80.26,81,88,2.35,overcast clouds,2022-04-17 00:30:58
274,Lopatino,RU,52.6195,45.8118,48.45,82,100,8.61,overcast clouds,2022-04-17 00:30:59
275,Arraial Do Cabo,BR,-22.9661,-42.0278,72.95,69,0,14.45,clear sky,2022-04-17 00:30:59
276,Newport,GB,51.5877,-2.9984,54.52,74,100,1.48,overcast clouds,2022-04-17 00:30:01
277,Hervey Bay,AU,-25.2986,152.8535,75.02,69,69,10.0,broken clouds,2022-04-17 00:30:59
278,Tuy Hoa,VN,13.0833,109.3,77.68,86,15,2.75,few clouds,2022-04-17 00:29:54
279,Tessalit,ML,20.1986,1.0114,71.56,22,100,10.45,overcast clouds,2022-04-17 00:31:00
280,Iquique,CL,-20.2208,-70.1431,62.67,79,62,3.8,broken clouds,2022-04-17 00:30:01
281,San Isidro,PE,-12.1167,-77.05,65.79,41,0,14.97,clear sky,2022-04-17 00:31:00
282,Qasigiannguit,GL,68.8193,-51.1922,-7.6,92,14,5.7,few clouds,2022-04-17 00:31:01
283,Ponta Delgada,PT,37.7333,-25.6667,61.52,88,20,10.36,few clouds,2022-04-17 00:31:01
284,Baherden,TM,38.4362,57.4316,58.8,72,100,13.4,overcast clouds,2022-04-17 00:31:01
285,Aranda De Duero,ES,41.6704,-3.6892,47.39,64,0,3.06,clear sky,2022-04-17 00:31:02
286,Pacific Grove,US,36.6177,-121.9166,64.02,76,100,11.5,overcast clouds,2022-04-17 00:26:31
287,Olafsvik,IS,64.8945,-23.7142,43.92,97,100,12.26,light rain,2022-04-17 00:31:03
288,Puerto El Triunfo,SV,13.2833,-88.55,83.25,76,53,8.23,broken clouds,2022-04-17 00:31:03
289,Voh,NC,-20.9667,164.7,82.09,59,0,7.34,clear sky,2022-04-17 00:31:04
290,Codrington,AU,-38.2667,141.9667,76.91,32,100,24.63,overcast clouds,2022-04-17 00:31:04
291,Ullapool,GB,57.8987,-5.1604,49.35,76,100,6.11,overcast clouds,2022-04-17 00:31:04
292,Le Passage,FR,44.2014,0.6028,54.75,76,0,2.3,clear sky,2022-04-17 00:31:05
293,Narrabri,AU,-30.3167,149.7833,71.53,49,0,5.75,clear sky,2022-04-17 00:31:05
294,Anadyr,RU,64.75,177.4833,34.3,74,40,8.95,scattered clouds,2022-04-17 00:26:51
295,Litovko,RU,49.2361,135.1742,35.47,82,100,9.1,overcast clouds,2022-04-17 00:31:06
296,Ati,TD,13.2154,18.3353,85.3,42,40,7.45,scattered clouds,2022-04-17 00:31:06
297,Guadalupe Victoria,MX,32.2869,-115.105,87.87,11,0,17.74,clear sky,2022-04-17 00:31:08
298,Te Anau,NZ,-45.4167,167.7167,54.03,56,97,0.56,overcast clouds,2022-04-17 00:31:09
299,Keelung,TW,25.1283,121.7419,64.94,76,100,9.28,overcast clouds,2022-04-17 00:31:09
300,Komsomolskiy,UZ,40.4272,71.7189,61.52,41,62,4.61,broken clouds,2022-04-17 00:31:10
301,Filadelfia,US,39.9523,-75.1638,64.29,71,75,19.57,thunderstorm,2022-04-17 00:28:46
302,Rawson,AR,-43.3002,-65.1023,54.77,68,0,10.47,clear sky,2022-04-17 00:30:50
303,Moura,PT,38.1401,-7.4486,60.91,70,13,3.76,few clouds,2022-04-17 00:31:11
304,Watertown,US,42.3709,-71.1828,54.48,80,100,20.71,moderate rain,2022-04-17 00:31:11
305,Hasaki,JP,35.7333,140.8333,57.6,54,100,9.26,overcast clouds,2022-04-17 00:31:11
306,Salvador,SV,13.8333,-88.9167,78.84,72,53,4.29,broken clouds,2022-04-17 00:31:12
307,Karasburg,NA,-28.0167,18.75,62.22,38,0,8.63,clear sky,2022-04-17 00:31:13
308,Sedniv,UA,51.6447,31.565,36.28,97,100,10.31,light rain,2022-04-17 00:31:13
309,Tungor,RU,53.3808,142.9564,31.28,78,100,10.87,overcast clouds,2022-04-17 00:31:14
310,Padang,ID,-0.9492,100.3543,77.05,76,36,2.42,scattered clouds,2022-04-17 00:31:14
311,Evanston,US,42.0411,-87.6901,45.46,64,75,12.66,broken clouds,2022-04-17 00:31:14
312,Bad Windsheim,DE,49.5,10.4167,39.97,63,0,6.2,clear sky,2022-04-17 00:31:15
313,Hwange,ZW,-18.3693,26.5019,66.52,92,100,4.61,light rain,2022-04-17 00:31:15
314,Dunedin,NZ,-45.8742,170.5036,55.8,64,77,8.99,broken clouds,2022-04-17 00:28:13
315,Faya,SA,18.3851,42.4509,64.51,47,0,4.47,clear sky,2022-04-17 00:31:16
316,Matay,EG,28.419,30.7792,78.21,13,0,8.81,clear sky,2022-04-17 00:31:16
317,Sawtell,AU,-30.3833,153.1,70.18,68,75,11.5,broken clouds,2022-04-17 00:31:16
318,Poso,ID,-1.3959,120.7524,80.35,85,94,1.63,overcast clouds,2022-04-17 00:31:17
319,Marawi,PH,7.9986,124.2928,74.95,78,91,1.9,overcast clouds,2022-04-17 00:31:17
320,Nome,US,64.5011,-165.4064,34.16,69,40,19.57,scattered clouds,2022-04-17 00:31:17
321,Balabac,PH,7.9868,117.0645,83.16,72,96,4.29,overcast clouds,2022-04-17 00:31:18
322,North Bend,US,43.4065,-124.2243,52.16,77,20,13.8,few clouds,2022-04-17 00:30:18
323,Wasilla,US,61.5814,-149.4394,46.29,44,100,5.75,overcast clouds,2022-04-17 00:31:18
324,Canavieiras,BR,-15.675,-38.9472,74.71,92,100,6.64,overcast clouds,2022-04-17 00:31:19
325,Oussouye,SN,12.485,-16.5469,69.98,74,39,11.74,scattered clouds,2022-04-17 00:31:19
326,Shingu,JP,33.7333,135.9833,62.24,59,93,9.15,overcast clouds,2022-04-17 00:31:19
327,Zarechnyy,RU,53.2036,45.1923,52.32,33,100,8.84,overcast clouds,2022-04-17 00:31:20
328,Ibia,BR,-19.4783,-46.5389,71.06,87,3,4.36,clear sky,2022-04-17 00:31:20
329,Yerbogachen,RU,61.2767,108.0108,38.59,97,100,11.56,overcast clouds,2022-04-17 00:31:21
330,Rajula,IN,21.05,71.4333,78.01,51,0,6.42,clear sky,2022-04-17 00:31:21
331,Los Llanos De Aridane,ES,28.6585,-17.9182,62.35,77,0,13.8,clear sky,2022-04-17 00:31:21
332,Muzaffargarh,PK,30.0754,71.1921,86.02,16,8,6.22,clear sky,2022-04-17 00:31:22
333,Piranshahr,IR,36.701,45.1413,41.29,79,0,3.8,clear sky,2022-04-17 00:31:22
334,Klaksvik,FO,62.2266,-6.589,47.32,96,100,23.85,light rain,2022-04-17 00:31:22
335,Telica,NI,12.522,-86.8594,80.01,63,10,5.21,clear sky,2022-04-17 00:31:23
336,Vardo,NO,70.3705,31.1107,38.75,83,100,28.07,overcast clouds,2022-04-17 00:27:02
337,Trairi,BR,-3.2778,-39.2689,77.47,84,89,3.69,overcast clouds,2022-04-17 00:31:23
338,Isangel,VU,-19.55,169.2667,86.11,79,40,2.3,scattered clouds,2022-04-17 00:30:01
339,Porto Novo,BJ,6.4965,2.6036,80.1,81,100,4.88,overcast clouds,2022-04-17 00:31:24
340,Brigantine,US,39.4101,-74.3646,63.03,84,0,11.5,clear sky,2022-04-17 00:27:07
341,Tarpon Springs,US,28.1461,-82.7568,79.14,85,0,6.91,clear sky,2022-04-17 00:31:25
342,Tomatlan,MX,19.9333,-105.25,80.49,42,100,1.74,overcast clouds,2022-04-17 00:31:25
343,Okhotsk,RU,59.3833,143.3,24.51,76,100,10.87,overcast clouds,2022-04-17 00:31:25
344,Jibuti,DJ,11.5,42.5,74.26,73,59,7.23,broken clouds,2022-04-17 00:31:26
345,Atambua,ID,-9.1061,124.8925,81.46,69,82,1.57,broken clouds,2022-04-17 00:31:26
346,Akyab,MM,20.15,92.9,81.99,78,17,1.28,few clouds,2022-04-17 00:31:26
347,Sabratah,LY,32.7933,12.4885,61.68,72,92,17.6,overcast clouds,2022-04-17 00:31:27
348,Tateyama,JP,34.9833,139.8667,57.09,59,100,11.34,moderate rain,2022-04-17 00:31:27
349,Bella Union,UY,-30.2752,-57.6007,57.29,79,7,5.28,clear sky,2022-04-17 00:31:27
350,Fria,GN,10.4167,-13.5833,72.21,89,77,1.9,broken clouds,2022-04-17 00:31:28
351,Oranjemund,NA,-28.55,16.4333,56.95,81,0,4.76,clear sky,2022-04-17 00:31:28
352,Bubaque,GW,11.2833,-15.8333,75.18,73,15,25.1,few clouds,2022-04-17 00:31:28
353,Serebryanyy Bor,RU,56.8,124.8,22.32,89,100,3.6,overcast clouds,2022-04-17 00:31:29
354,Hokitika,NZ,-42.7167,170.9667,63.23,56,100,3.02,overcast clouds,2022-04-17 00:31:29
355,Tornesch,DE,53.7,9.7167,40.89,72,0,2.3,clear sky,2022-04-17 00:31:29
356,Boffa,GN,10.1667,-14.0333,74.5,81,76,3.44,broken clouds,2022-04-17 00:31:30
357,Motygino,RU,58.1831,94.7592,40.71,89,100,4.56,overcast clouds,2022-04-17 00:31:30
358,Touho,NC,-20.7833,165.2333,78.69,61,0,5.91,clear sky,2022-04-17 00:31:31
359,Dwarka,IN,22.2394,68.9678,79.41,77,0,12.3,clear sky,2022-04-17 00:31:31
360,Acapulco,MX,16.8634,-99.8901,84.02,58,0,9.22,clear sky,2022-04-17 00:31:31
361,Soyo,AO,-6.1349,12.3689,77.54,91,98,7.56,overcast clouds,2022-04-17 00:31:32
362,Nurota,UZ,40.5614,65.6886,62.91,46,100,8.63,overcast clouds,2022-04-17 00:31:32
363,Lugoba,TZ,-6.45,38.3333,70.25,97,100,4.0,overcast clouds,2022-04-17 00:31:32
364,Chilmari,BD,25.5559,89.6715,76.89,80,12,15.23,few clouds,2022-04-17 00:31:33
365,Banikoara,BJ,11.2985,2.4386,80.98,48,65,4.68,broken clouds,2022-04-17 00:31:33
366,Kaabong,UG,3.4836,34.1492,62.13,88,100,2.98,overcast clouds,2022-04-17 00:31:33
367,Banda Aceh,ID,5.5577,95.3222,81.75,77,21,5.14,few clouds,2022-04-17 00:31:34
368,Nantucket,US,41.2835,-70.0995,55.45,82,0,14.97,clear sky,2022-04-17 00:31:29
369,Mehamn,NO,71.0357,27.8492,37.42,90,100,31.09,overcast clouds,2022-04-17 00:31:34
370,Havoysund,NO,70.9963,24.6622,39.43,91,100,29.04,overcast clouds,2022-04-17 00:31:34
371,Chachapoyas,PE,-6.2317,-77.869,54.37,97,94,2.51,overcast clouds,2022-04-17 00:31:35
372,Eureka,US,40.8021,-124.1637,53.26,68,12,5.01,few clouds,2022-04-17 00:29:01
373,Kokkola,FI,63.8385,23.1307,32.94,87,0,5.75,clear sky,2022-04-17 00:31:35
374,Novo Aripuana,BR,-5.1206,-60.3797,73.76,97,99,1.14,overcast clouds,2022-04-17 00:31:36
375,Naryan-Mar,RU,67.6713,53.087,15.26,96,100,6.49,overcast clouds,2022-04-17 00:31:36
376,Havelock,US,34.8791,-76.9013,67.98,90,0,8.05,clear sky,2022-04-17 00:31:36
377,Chuy,UY,-33.6971,-53.4616,59.52,84,1,5.97,clear sky,2022-04-17 00:31:37
378,Tonantins,BR,-2.8731,-67.8022,74.3,94,99,1.95,overcast clouds,2022-04-17 00:31:37
379,Naze,JP,28.3667,129.4833,65.32,57,90,10.54,overcast clouds,2022-04-17 00:31:37
380,Micheweni,TZ,-4.9667,39.8333,78.64,85,100,11.32,light rain,2022-04-17 00:31:38
381,Asfi,MA,32.2994,-9.2372,66.33,57,100,12.15,overcast clouds,2022-04-17 00:31:38
382,Grand Gaube,MU,-20.0064,57.6608,77.38,87,71,5.99,broken clouds,2022-04-17 00:31:39
383,Omboue,GA,-1.5746,9.2618,77.43,89,100,3.89,overcast clouds,2022-04-17 00:31:39
384,Araouane,ML,18.9048,-3.5265,74.01,16,0,11.16,clear sky,2022-04-17 00:31:39
385,Lensk,RU,60.7253,114.9278,30.33,82,100,6.26,overcast clouds,2022-04-17 00:31:40
386,Young,UY,-32.6833,-57.6333,56.46,71,37,4.68,scattered clouds,2022-04-17 00:31:40
387,Petauke,ZM,-14.2426,31.3253,65.5,89,17,8.14,few clouds,2022-04-17 00:31:40
388,Wucheng,CN,29.6008,118.175,53.67,77,98,2.28,overcast clouds,2022-04-17 00:31:41
389,Frutal,BR,-20.0247,-48.9406,61.7,68,0,5.46,clear sky,2022-04-17 00:31:41
390,Esna,EG,25.2934,32.554,78.82,14,0,3.87,clear sky,2022-04-17 00:31:41
391,Andenes,NO,69.3143,16.1194,42.78,87,100,8.05,overcast clouds,2022-04-17 00:31:42
392,Yarim,YE,14.298,44.3779,55.63,65,7,1.05,clear sky,2022-04-17 00:31:42
393,Puyang,CN,29.4603,119.8861,53.33,82,100,2.01,overcast clouds,2022-04-17 00:31:42
394,Jodar,ES,37.8406,-3.3526,62.49,61,2,2.77,clear sky,2022-04-17 00:31:43
395,Lincoln,US,40.8,-96.667,49.91,27,0,11.5,clear sky,2022-04-17 00:31:33
396,Debre Tabor,ET,11.85,38.0167,56.95,69,100,4.72,light rain,2022-04-17 00:31:43
397,Saint Anthony,US,45.0205,-93.218,39.25,37,0,12.66,clear sky,2022-04-17 00:31:44
398,Flin Flon,CA,54.7682,-101.865,25.7,76,100,3.0,overcast clouds,2022-04-17 00:31:44
399,Liverpool,GB,53.4106,-2.9779,57.74,86,0,3.44,clear sky,2022-04-17 00:28:54
400,Onguday,RU,50.75,86.15,44.11,58,0,3.44,clear sky,2022-04-17 00:31:44
401,Lata,PT,40.1629,-8.3327,49.96,91,89,1.66,overcast clouds,2022-04-17 00:31:45
402,Usinsk,RU,65.9939,57.5281,16.7,96,100,8.25,overcast clouds,2022-04-17 00:31:45
403,Waddan,LY,29.1614,16.139,62.91,63,0,12.77,clear sky,2022-04-17 00:31:45
404,San Angelo,US,31.4638,-100.437,77.22,31,0,11.5,clear sky,2022-04-17 00:29:50
405,General Roca,AR,-39.0333,-67.5833,59.63,56,4,14.58,clear sky,2022-04-17 00:31:46
406,Kloulklubed,PW,7.0419,134.2556,82.36,73,82,1.16,broken clouds,2022-04-17 00:31:46
407,Benguela,AO,-12.5763,13.4055,76.86,87,100,0.22,light rain,2022-04-17 00:31:47
408,Prince Albert,CA,53.2001,-105.7677,30.15,47,75,11.5,broken clouds,2022-04-17 00:28:00
409,Tahoua,NE,14.8888,5.2692,81.16,12,98,9.35,overcast clouds,2022-04-17 00:31:47
410,Embu,BR,-23.6489,-46.8522,63.1,91,99,6.24,overcast clouds,2022-04-17 00:31:47
411,Dayong,CN,25.0209,118.2898,64.83,53,79,3.67,broken clouds,2022-04-17 00:31:48
412,Ola,RU,59.5833,151.2833,30.15,64,26,5.23,scattered clouds,2022-04-17 00:31:48
413,Cherskiy,RU,68.75,161.3,22.06,88,100,12.57,overcast clouds,2022-04-17 00:31:48
414,Mendi,PG,-6.1761,143.6513,71.11,55,100,4.47,overcast clouds,2022-04-17 00:31:49
415,Terneuzen,NL,51.2809,3.8392,50.41,67,10,3.0,clear sky,2022-04-17 00:31:49
416,San Pedro,PH,14.35,121.0167,83.43,75,75,5.75,broken clouds,2022-04-17 00:31:49
417,Karratha,AU,-20.7377,116.8463,89.55,37,11,4.36,few clouds,2022-04-17 00:31:50
418,Tutoia,BR,-2.7619,-42.2744,78.67,83,100,4.47,overcast clouds,2022-04-17 00:31:50
419,Dongsheng,CN,39.8161,109.9776,41.16,85,100,14.14,overcast clouds,2022-04-17 00:31:50
420,Tabou,CI,4.423,-7.3528,76.93,89,100,3.65,moderate rain,2022-04-17 00:31:51
421,La Ronge,CA,55.1001,-105.2842,34.05,40,100,8.05,overcast clouds,2022-04-17 00:31:51
422,Malkangiri,IN,18.35,81.9,80.44,47,82,1.88,broken clouds,2022-04-17 00:31:51
423,Takoradi,GH,4.8845,-1.7554,76.1,87,100,5.61,light rain,2022-04-17 00:31:52
424,Schlitz,DE,50.6742,9.561,41.86,79,6,2.95,clear sky,2022-04-17 00:31:52
425,Maroantsetra,MG,-15.4333,49.7333,75.16,86,74,2.57,light rain,2022-04-17 00:31:52
426,Price,US,39.5994,-110.8107,51.12,66,100,18.41,overcast clouds,2022-04-17 00:28:44
427,Rabak,SD,13.1809,32.74,86.61,43,100,15.79,overcast clouds,2022-04-17 00:31:53
428,Sangmelima,CM,2.9333,11.9833,68.11,99,31,2.19,scattered clouds,2022-04-17 00:31:53
429,Svay Rieng,KH,11.0879,105.7993,82.81,70,100,10.02,overcast clouds,2022-04-17 00:31:54
430,Butembo,CD,0.15,29.2833,57.36,97,100,3.0,overcast clouds,2022-04-17 00:31:54
431,Nokaneng,BW,-19.6667,22.2667,66.34,81,100,5.48,overcast clouds,2022-04-17 00:31:54
432,San Vicente,AR,-26.6167,-54.1333,53.24,90,17,2.73,few clouds,2022-04-17 00:31:39
433,Ryotsu,JP,38.0833,138.4333,52.05,53,0,5.61,clear sky,2022-04-17 00:31:55
434,Harer,ET,9.3094,42.1258,63.21,76,55,2.26,light rain,2022-04-17 00:31:55
435,Mongo,TD,12.1844,18.693,84.9,39,4,3.02,clear sky,2022-04-17 00:31:56
436,Taraza,CO,7.5836,-75.4007,76.77,96,97,1.95,overcast clouds,2022-04-17 00:31:56
437,Ankang,CN,32.68,109.0172,49.51,80,100,0.78,overcast clouds,2022-04-17 00:31:56
438,Buala,SB,-8.145,159.5921,82.54,74,85,3.51,light rain,2022-04-17 00:31:57
439,Laguna,US,38.421,-121.4238,71.15,54,0,16.11,clear sky,2022-04-17 00:31:57
440,Saiha,IN,22.4833,92.9667,73.94,63,93,1.99,overcast clouds,2022-04-17 00:31:57
441,Mbanza-Ngungu,CD,-5.25,14.8667,67.03,89,57,1.7,broken clouds,2022-04-17 00:31:58
442,Upington,ZA,-28.4478,21.2561,57.58,88,0,2.3,clear sky,2022-04-17 00:31:58
443,Bulawayo,ZW,-20.15,28.5833,59.27,95,100,11.43,overcast clouds,2022-04-17 00:31:58
444,Paka,MY,4.6374,103.4368,80.53,89,40,0.0,thunderstorm,2022-04-17 00:31:59
445,Paraguacu,BR,-21.5472,-45.7375,55.27,74,0,4.0,clear sky,2022-04-17 00:31:59
446,Azare,NG,11.6765,10.1948,80.94,53,87,13.65,overcast clouds,2022-04-17 00:31:59
447,San Juan,AR,-31.5375,-68.5364,67.78,38,0,10.33,clear sky,2022-04-17 00:28:22
448,Abhaynagar,BD,23.0129,89.4049,81.05,85,95,14.41,overcast clouds,2022-04-17 00:32:00
449,Tarakan,ID,3.3,117.6333,79.23,81,100,4.0,overcast clouds,2022-04-17 00:32:00
450,Mahibadhoo,MV,3.7833,72.9667,83.7,75,95,10.31,overcast clouds,2022-04-17 00:32:00
451,Lompoc,US,34.6391,-120.4579,69.69,71,20,12.66,few clouds,2022-04-17 00:32:01
452,Alice Springs,AU,-23.7,133.8833,83.75,21,100,8.05,overcast clouds,2022-04-17 00:30:12
453,Carbonia,IT,39.1672,8.5222,54.55,81,11,5.21,few clouds,2022-04-17 00:32:01
454,Jumla,NP,29.2747,82.1838,47.8,51,0,4.36,clear sky,2022-04-17 00:32:02
455,Torbay,CA,47.6666,-52.7314,46.38,56,40,28.77,scattered clouds,2022-04-17 00:32:02
456,Hovd,MN,48.0056,91.6419,44.64,16,0,2.91,clear sky,2022-04-17 00:32:03
457,Batticaloa,LK,7.7102,81.6924,78.93,86,40,5.84,scattered clouds,2022-04-17 00:32:03
458,Kalmunai,LK,7.4167,81.8167,78.78,88,11,9.6,few clouds,2022-04-17 00:32:03
459,Babstovo,RU,48.1167,132.4833,41.99,54,63,15.61,broken clouds,2022-04-17 00:32:04
460,Bonthe,SL,7.5264,-12.505,77.79,80,20,4.63,few clouds,2022-04-17 00:32:04
461,Ustye,RU,59.6304,39.736,22.73,95,9,3.38,clear sky,2022-04-17 00:32:05
462,Cayenne,GF,4.9333,-52.3333,81.09,1,75,7.0,broken clouds,2022-04-17 00:30:05
463,Bullhead City,US,35.1478,-114.5683,90.82,11,0,20.71,clear sky,2022-04-17 00:32:05
464,Sri Aman,MY,1.2376,111.4621,78.85,89,20,0.0,few clouds,2022-04-17 00:32:06
465,Mount Isa,AU,-20.7333,139.5,85.77,19,5,10.36,clear sky,2022-04-17 00:32:06
466,Sayyan,YE,15.1718,44.3244,59.41,29,7,1.23,clear sky,2022-04-17 00:32:06
467,Amarwara,IN,22.3,79.1667,80.37,18,1,6.15,clear sky,2022-04-17 00:32:07
468,Nikolskoye,RU,59.7035,30.7861,33.8,81,56,3.38,broken clouds,2022-04-17 00:32:07
469,Xichang,CN,27.8964,102.2634,54.95,75,88,1.28,overcast clouds,2022-04-17 00:32:08
470,Gorontalo,ID,0.5412,123.0595,81.36,82,67,5.82,light rain,2022-04-17 00:32:08
471,Gao,ML,16.6362,1.637,80.85,10,100,12.01,overcast clouds,2022-04-17 00:32:08
472,Camalu,MX,30.85,-116.0667,64.0,66,0,15.64,clear sky,2022-04-17 00:32:09
473,Rovaniemi,FI,66.5,25.7167,31.41,86,0,8.05,clear sky,2022-04-17 00:32:09
474,Kishapu,TZ,-3.6167,33.8667,64.94,89,97,0.92,overcast clouds,2022-04-17 00:32:10
475,Ibipeba,BR,-11.6408,-42.0111,69.53,95,100,4.65,overcast clouds,2022-04-17 00:32:10
476,Lumphat,KH,13.4878,106.9816,79.36,77,100,5.03,overcast clouds,2022-04-17 00:32:11
477,Pandamatenga,BW,-18.5278,25.627,63.75,96,91,8.99,overcast clouds,2022-04-17 00:32:11
478,Simi,SL,9.5667,-12.35,77.34,66,20,5.17,few clouds,2022-04-17 00:32:11
479,Kahului,US,20.8947,-156.47,78.82,57,40,10.36,scattered clouds,2022-04-17 00:32:12
480,Mandalgovi,MN,45.7625,106.2708,39.16,43,94,13.87,overcast clouds,2022-04-17 00:32:12
481,Tuim,RU,54.3417,89.9261,50.58,49,27,5.73,scattered clouds,2022-04-17 00:32:13
482,Amga,RU,60.8953,131.9608,28.29,78,98,5.99,overcast clouds,2022-04-17 00:32:13
483,Coffs Harbour,AU,-30.3,153.1333,70.12,68,75,11.5,broken clouds,2022-04-17 00:32:13
484,Cockburn Town,TC,21.4612,-71.1419,77.49,84,100,23.8,overcast clouds,2022-04-17 00:32:14
485,Sorong,ID,-0.8833,131.25,82.96,74,56,1.59,broken clouds,2022-04-17 00:32:14
486,Vao,NC,-22.6667,167.4833,76.69,70,0,7.9,clear sky,2022-04-17 00:32:15
487,Tautira,PF,-17.7333,-149.15,79.92,74,6,9.6,light rain,2022-04-17 00:32:15
488,Lampa,CL,-33.2833,-70.9,68.77,46,0,8.05,clear sky,2022-04-17 00:32:15
489,Tandil,AR,-37.3217,-59.1332,53.69,67,100,2.77,overcast clouds,2022-04-17 00:30:12
490,Portmore,JM,17.9702,-76.8672,82.36,75,40,16.11,scattered clouds,2022-04-17 00:32:16
491,Bontang,ID,0.1333,117.5,80.38,75,96,1.36,overcast clouds,2022-04-17 00:32:16
492,Yar-Sale,RU,66.8333,70.8333,11.62,87,100,14.41,overcast clouds,2022-04-17 00:32:17
493,Todos Santos,MX,23.45,-110.2167,69.44,71,100,7.72,overcast clouds,2022-04-17 00:32:17
494,Skiathos,GR,39.1623,23.4909,56.97,71,100,10.83,overcast clouds,2022-04-17 00:32:17
495,Dodoma,TZ,-6.1722,35.7395,62.83,97,100,3.67,overcast clouds,2022-04-17 00:32:18
496,Paita,PE,-5.0892,-81.1144,68.92,79,21,17.29,few clouds,2022-04-17 00:32:18
497,Fontem,CM,5.4685,9.8818,67.84,92,94,1.7,light rain,2022-04-17 00:32:18
498,Turukhansk,RU,65.8167,87.9833,26.2,96,100,18.77,snow,2022-04-17 00:32:19
499,Cravo Norte,CO,6.3017,-70.2041,76.96,86,100,5.26,overcast clouds,2022-04-17 00:32:19
500,Llano De Piedra,PA,7.6667,-80.5667,76.89,99,100,6.35,overcast clouds,2022-04-17 00:32:19
501,Morondava,MG,-20.2833,44.2833,78.04,90,1,4.7,clear sky,2022-04-17 00:32:20
502,Luau,AO,-10.7073,22.2247,63.93,98,100,2.71,light rain,2022-04-17 00:32:20
503,Lithakia,GR,37.7167,20.8333,56.57,75,100,17.67,light rain,2022-04-17 00:32:21
504,Artesia,US,33.8658,-118.0831,73.63,68,20,14.97,few clouds,2022-04-17 00:30:35
505,Pirovskoye,RU,57.6267,92.2658,46.17,77,100,12.44,overcast clouds,2022-04-17 00:32:21
506,Gander,CA,48.9682,-54.5906,46.53,61,40,10.36,scattered clouds,2022-04-17 00:28:36
507,San Quintin,MX,30.4833,-115.95,62.11,73,0,22.7,clear sky,2022-04-17 00:32:22
508,Charters Towers,AU,-20.1,146.2667,78.94,46,91,12.21,overcast clouds,2022-04-17 00:32:22
509,Sterling,US,39.0062,-77.4286,70.09,40,75,10.36,broken clouds,2022-04-17 00:32:23
510,Sulphur Springs,US,33.1385,-95.6011,76.71,82,100,11.5,overcast clouds,2022-04-17 00:32:23
511,Vila Do Maio,CV,15.1333,-23.2167,70.34,80,81,13.98,broken clouds,2022-04-17 00:32:23
512,Kilemary,RU,56.7783,46.8659,28.13,96,100,12.26,snow,2022-04-17 00:32:24
513,Comodoro Rivadavia,AR,-45.8667,-67.5,55.26,71,0,11.5,clear sky,2022-04-17 00:30:01
514,Valday,RU,57.9747,33.2525,24.46,98,20,4.09,few clouds,2022-04-17 00:32:24
515,Lokomotivnyy,RU,53.0118,60.5684,33.3,83,15,7.63,few clouds,2022-04-17 00:32:25
516,Guerrero Negro,MX,27.9769,-114.0611,62.58,75,64,22.5,broken clouds,2022-04-17 00:32:25
517,Alpinopolis,BR,-20.8636,-46.3881,57.24,74,0,3.98,clear sky,2022-04-17 00:32:25
518,Quatre Cocos,MU,-20.2078,57.7625,77.09,83,69,13.58,light rain,2022-04-17 00:32:26
519,Berlevag,NO,70.8578,29.0864,37.2,89,100,32.08,overcast clouds,2022-04-17 00:32:26
520,Anloga,GH,5.7947,0.8973,82.33,78,68,10.83,broken clouds,2022-04-17 00:32:26
521,Arman,RU,59.7,150.1667,30.02,64,50,5.28,scattered clouds,2022-04-17 00:32:27
522,Kot Kapura,IN,30.5833,74.9,77.74,21,61,6.33,broken clouds,2022-04-17 00:31:03
523,Oktyabrskiy,RU,54.4815,53.471,33.04,86,100,4.61,overcast clouds,2022-04-17 00:32:27
524,Caiaponia,BR,-16.9567,-51.8103,62.33,64,5,6.62,clear sky,2022-04-17 00:32:28
525,Kruisfontein,ZA,-34.0033,24.7314,58.89,92,0,3.27,clear sky,2022-04-17 00:32:28
526,Axim,GH,4.8699,-2.2405,75.27,87,100,3.15,light rain,2022-04-17 00:32:28
527,Livingston,GB,55.9029,-3.5226,52.36,84,75,1.14,broken clouds,2022-04-17 00:32:29
528,Scarborough,GB,54.2797,-0.4044,52.92,84,100,7.0,overcast clouds,2022-04-17 00:30:31
529,Lerida,ES,41.6167,0.6167,59.2,70,0,5.75,clear sky,2022-04-17 00:32:29
530,Puerto Escondido,MX,15.85,-97.0667,86.83,66,75,9.22,broken clouds,2022-04-17 00:31:37
531,Port-Cartier,CA,50.0334,-66.8654,37.62,87,7,6.2,clear sky,2022-04-17 00:32:29
532,Vila,PT,42.0304,-8.1588,47.7,88,89,2.66,overcast clouds,2022-04-17 00:32:30
533,Chalchihuites,MX,23.4833,-103.8833,70.77,13,92,12.37,overcast clouds,2022-04-17 00:32:30
534,Columbia,US,34.0007,-81.0348,71.08,78,0,5.75,clear sky,2022-04-17 00:29:43
535,Taoudenni,ML,22.6783,-3.9836,75.36,22,0,13.06,clear sky,2022-04-17 00:32:31
536,Lugovoy,KZ,42.9472,72.7644,59.61,42,91,5.28,overcast clouds,2022-04-17 00:32:31
537,Hailey,US,43.5196,-114.3153,42.66,70,100,4.61,light intensity drizzle,2022-04-17 00:31:46
538,Labuhan,ID,-6.8844,112.2051,82.58,79,45,4.25,scattered clouds,2022-04-17 00:32:31
539,Helmbrechts,DE,50.2356,11.7159,33.19,85,6,1.99,clear sky,2022-04-17 00:32:32
540,Kouroussa,GN,10.65,-9.8833,80.11,63,67,6.13,moderate rain,2022-04-17 00:32:32
541,Alyangula,AU,-13.8483,136.4192,85.87,74,87,10.36,overcast clouds,2022-04-17 00:32:32
542,Rio Grande,BR,-32.035,-52.0986,60.94,74,70,9.95,broken clouds,2022-04-17 00:29:38
543,Tarsus,TR,36.9188,34.8784,51.67,61,93,2.91,overcast clouds,2022-04-17 00:32:33
544,Riyadh,SA,24.6877,46.7219,71.74,31,1,9.91,clear sky,2022-04-17 00:28:09
545,Ahuimanu,US,21.4447,-157.8378,83.91,83,75,18.41,moderate rain,2022-04-17 00:32:33
546,Luganville,VU,-15.5333,167.1667,84.9,70,68,5.35,broken clouds,2022-04-17 00:32:34
547,Longyearbyen,SJ,78.2186,15.6401,21.04,73,75,5.75,broken clouds,2022-04-17 00:32:34
548,Kamenka,RU,51.3223,42.7678,50.5,79,100,11.43,overcast clouds,2022-04-17 00:32:34
549,Sao Filipe,CV,14.8961,-24.4956,70.74,79,13,6.04,few clouds,2022-04-17 00:32:35
550,Tamugan,PH,7.2308,125.3764,76.44,79,63,0.74,broken clouds,2022-04-17 00:32:35
551,Henties Bay,NA,-22.116,14.2845,60.03,80,88,4.85,overcast clouds,2022-04-17 00:32:35
552,Singkang,MY,2.1006,102.7994,79.34,82,100,1.81,overcast clouds,2022-04-17 00:32:36
553,Kosonsoy,UZ,41.2561,71.5508,59.56,32,100,7.34,overcast clouds,2022-04-17 00:32:36
554,Tabory,RU,58.5198,64.5495,27.93,88,96,8.79,overcast clouds,2022-04-17 00:32:36
555,Kalabo,ZM,-14.97,22.6814,66.33,93,100,4.5,light rain,2022-04-17 00:32:37
556,Meiganga,CM,6.5167,14.3,70.45,77,1,0.87,light rain,2022-04-17 00:32:37
557,San Juan Evangelista,MX,17.9,-95.1333,85.44,56,7,13.33,clear sky,2022-04-17 00:32:37
558,Puerto Leguizamo,CO,-0.1934,-74.7819,74.77,94,92,0.96,heavy intensity rain,2022-04-17 00:32:38
559,Hirara,JP,24.8,125.2833,71.87,68,75,10.36,broken clouds,2022-04-17 00:32:38
560,Eqbaliyeh,IR,35.3022,51.5358,53.42,51,64,15.75,broken clouds,2022-04-17 00:32:38
561,Nybro,SE,56.7446,15.9071,38.25,69,100,4.72,overcast clouds,2022-04-17 00:32:39
562,Georgiyevka,KZ,43.0369,74.7114,53.64,66,0,8.95,clear sky,2022-04-17 00:32:39
563,Ormara,PK,25.2088,64.6357,79.66,88,4,4.54,clear sky,2022-04-17 00:32:39
564,Zhigansk,RU,66.7697,123.3711,11.62,97,99,13.58,overcast clouds,2022-04-17 00:32:40
565,Altay,CN,47.8667,88.1167,45.84,33,0,6.82,clear sky,2022-04-17 00:32:40
566,Tevaitoa,PF,-16.7833,-151.5,81.48,71,9,11.32,light rain,2022-04-17 00:32:40
567,Nhulunbuy,AU,-12.2333,136.7667,77.61,94,75,13.8,moderate rain,2022-04-17 00:32:41
568,Sakakah,SA,29.9697,40.2064,65.77,20,0,7.72,clear sky,2022-04-17 00:32:41
569,Sur,OM,22.5667,59.5289,86.25,38,47,5.3,scattered clouds,2022-04-17 00:32:41
570,Jining,CN,35.405,116.5814,57.97,32,100,7.36,overcast clouds,2022-04-17 00:32:42
571,Oyem,GA,1.5995,11.5793,67.62,99,22,2.26,light rain,2022-04-17 00:32:42
572,Luanda,AO,-8.8368,13.2343,78.8,89,75,8.05,broken clouds,2022-04-17 00:29:22
573,Dingle,PH,10.9995,122.6711,82.98,75,100,8.23,overcast clouds,2022-04-17 00:32:42
574,Santa Cruz,BO,-17.8,-63.1667,69.26,64,75,11.5,broken clouds,2022-04-17 00:30:13
575,Lomovka,RU,53.9194,58.3672,28.6,90,19,1.52,few clouds,2022-04-17 00:32:43
576,Jieshi,CN,22.8134,115.8257,67.95,76,100,16.55,overcast clouds,2022-04-17 00:32:43
577,Ishigaki,JP,24.3448,124.1572,71.73,73,75,12.66,broken clouds,2022-04-17 00:32:44
578,Leshukonskoye,RU,64.8989,45.7622,25.27,96,100,6.15,overcast clouds,2022-04-17 00:30:08
579,Lac Du Bonnet,CA,50.2536,-96.0612,19.99,95,98,3.22,overcast clouds,2022-04-17 00:32:44
580,Marystown,CA,47.1666,-55.1483,44.37,57,100,19.62,overcast clouds,2022-04-17 00:32:44
581,Denia,ES,38.8408,0.1057,65.8,70,0,3.0,clear sky,2022-04-17 00:32:45
582,Biasca,CH,46.3597,8.9697,51.35,66,14,6.33,few clouds,2022-04-17 00:32:45
583,Haapiti,PF,-17.5667,-149.8667,87.53,69,0,8.9,light rain,2022-04-17 00:32:45
584,Krasnoye,UA,49.9145,24.6134,29.98,95,12,6.96,few clouds,2022-04-17 00:32:46
585,Noumea,NC,-22.2763,166.4572,82.99,99,0,11.36,clear sky,2022-04-17 00:32:46
586,Havre-Saint-Pierre,CA,50.2334,-63.5986,35.6,80,0,11.5,clear sky,2022-04-17 00:32:46
587,Praia Da Vitoria,PT,38.7333,-27.0667,59.25,88,40,9.53,scattered clouds,2022-04-17 00:32:47
588,Kushima,JP,31.4583,131.2333,67.01,48,4,1.3,clear sky,2022-04-17 00:32:47
589,Antofagasta,CL,-23.65,-70.4,60.4,84,61,5.75,broken clouds,2022-04-17 00:32:47
590,Kangasala,FI,61.4638,24.076,28.98,95,62,3.29,broken clouds,2022-04-17 00:32:48
591,Yibin,CN,28.7667,104.6238,53.44,92,100,2.77,overcast clouds,2022-04-17 00:32:48
592,Hinton,CA,53.4001,-117.5857,31.68,65,100,5.3,overcast clouds,2022-04-17 00:32:48
593,Channel-Port Aux Basques,CA,47.5702,-59.1367,40.35,84,100,8.86,overcast clouds,2022-04-17 00:32:49
594,Lewistown,US,40.5992,-77.5714,49.41,90,75,14.97,broken clouds,2022-04-17 00:32:49
595,Roma,US,43.2128,-75.4557,41.38,87,100,3.96,overcast clouds,2022-04-17 00:32:50
596,Willowmore,ZA,-33.2926,23.4895,49.59,84,1,7.9,clear sky,2022-04-17 00:32:50
597,Glenwood Springs,US,39.5505,-107.3248,65.32,44,100,13.8,overcast clouds,2022-04-17 00:32:50
598,Thinadhoo,MV,0.5333,72.9333,83.39,68,93,8.72,overcast clouds,2022-04-17 00:30:11
599,Skjervoy,NO,70.0311,20.9714,41.0,87,100,31.05,overcast clouds,2022-04-17 00:32:51
600,Yatou,CN,37.15,122.3833,59.07,31,0,10.2,clear sky,2022-04-17 00:29:55
601,Bobcaygeon,CA,44.5462,-78.542,31.28,55,8,8.84,clear sky,2022-04-17 00:32:51
602,Bitung,ID,1.4451,125.1824,79.65,75,97,6.44,light rain,2022-04-17 00:32:52
603,Adrar,MR,20.5022,-10.0711,77.43,15,0,12.06,clear sky,2022-04-17 00:32:52
604,Kaeo,NZ,-35.1,173.7833,68.32,84,100,18.63,overcast clouds,2022-04-17 00:32:52
605,Nishihara,JP,26.1842,127.7558,67.28,64,100,9.22,overcast clouds,2022-04-17 00:32:53
606,Guozhen,CN,34.3659,107.359,49.51,77,100,3.96,light rain,2022-04-17 00:32:53
607,Chibuto,MZ,-24.6867,33.5306,69.84,95,94,7.05,moderate rain,2022-04-17 00:32:53
608,Stornoway,GB,58.2093,-6.3865,50.04,90,100,9.22,moderate rain,2022-04-17 00:32:54
609,Erzin,TR,36.9559,36.2,58.53,52,8,3.69,clear sky,2022-04-17 00:32:54
610,Elat,IL,29.5581,34.9482,69.64,26,0,4.61,clear sky,2022-04-17 00:32:54
611,Burgeo,CA,47.6167,-57.6152,39.24,82,100,9.78,overcast clouds,2022-04-17 00:32:55
612,Ust-Nera,RU,64.5667,143.2,19.44,83,100,2.08,overcast clouds,2022-04-17 00:32:55
613,Salumbar,IN,24.1333,74.05,78.76,42,0,3.85,clear sky,2022-04-17 00:32:56
614,Ondjiva,AO,-17.0667,15.7333,67.06,77,100,5.32,overcast clouds,2022-04-17 00:32:56
615,Ozernovskiy,RU,51.5,156.5167,34.12,60,100,8.14,overcast clouds,2022-04-17 00:32:56
616,Isla Mujeres,MX,21.2311,-86.731,82.45,76,0,9.78,clear sky,2022-04-17 00:32:57
617,Barcelos,PT,41.5388,-8.6151,57.92,91,91,1.45,overcast clouds,2022-04-17 00:32:57
618,Pochutla,MX,15.7432,-96.4661,86.83,62,9,7.23,clear sky,2022-04-17 00:32:57
619,The Valley,AI,18.217,-63.0578,79.11,77,25,24.7,scattered clouds,2022-04-17 00:32:58
620,Demerval Lobao,BR,-5.3583,-42.6764,76.41,93,100,1.92,overcast clouds,2022-04-17 00:32:58
621,San Cristobal,VE,7.7669,-72.225,75.38,97,100,3.78,overcast clouds,2022-04-17 00:32:58
622,Hobyo,SO,5.3505,48.5268,82.53,77,9,13.82,clear sky,2022-04-17 00:32:59
623,Marsa Matruh,EG,31.3525,27.2453,73.6,31,0,13.8,clear sky,2022-04-17 00:32:59
624,Bacolod,PH,10.6667,122.95,83.62,71,100,8.37,overcast clouds,2022-04-17 00:32:59
625,Loveland,US,40.3978,-105.075,57.94,28,0,9.22,clear sky,2022-04-17 00:31:09
626,Sao Mateus,BR,-18.7161,-39.8589,72.25,78,100,6.44,overcast clouds,2022-04-17 00:33:00
627,Kostomuksha,RU,64.571,30.5767,31.41,86,100,8.3,overcast clouds,2022-04-17 00:33:00
628,Bhadrachalam,IN,17.6667,80.8833,82.38,81,100,5.88,overcast clouds,2022-04-17 00:33:00
629,Ngaoundere,CM,7.3167,13.5833,72.82,65,82,3.04,light rain,2022-04-17 00:33:01
630,Samana,DO,19.2056,-69.3369,75.16,85,15,9.69,few clouds,2022-04-17 00:33:01
631,Maraa,BR,-1.8333,-65.3667,74.64,85,93,2.62,overcast clouds,2022-04-17 00:33:02
632,Moses Lake,US,47.1301,-119.2781,45.28,56,100,4.61,overcast clouds,2022-04-17 00:33:02
633,Rafai,CF,4.95,23.9167,69.13,96,65,2.55,broken clouds,2022-04-17 00:33:03
634,Saint-Joseph,RE,-21.3667,55.6167,75.58,77,21,10.76,few clouds,2022-04-17 00:33:03
635,San Luis,AR,-33.295,-66.3356,60.39,38,10,9.53,clear sky,2022-04-17 00:31:57
636,Pimentel,PE,-6.8367,-79.9342,66.61,85,36,13.58,scattered clouds,2022-04-17 00:33:04
637,Mahanoro,MG,-19.9,48.8,72.3,92,17,4.63,few clouds,2022-04-17 00:33:04
638,Ampanihy,MG,-24.7,44.75,69.35,96,25,3.89,scattered clouds,2022-04-17 00:33:04
639,Grafton,US,42.207,-71.6856,51.82,83,100,11.5,overcast clouds,2022-04-17 00:33:05
640,Kavaratti,IN,10.5669,72.642,83.88,72,40,5.88,scattered clouds,2022-04-17 00:33:05
641,Verkhoyansk,RU,67.5447,133.385,14.52,83,100,3.29,overcast clouds,2022-04-17 00:31:21
642,Ambon,ID,-3.6954,128.1814,86.14,74,20,6.91,few clouds,2022-04-17 00:33:06
643,Poiana Stampei,RO,47.3167,25.1333,30.04,86,100,5.46,snow,2022-04-17 00:33:06
644,Secaucus,US,40.7967,-74.0553,56.32,65,100,20.71,light rain,2022-04-17 00:33:07
645,Belmonte,BR,-15.8631,-38.8828,76.75,85,100,11.68,light rain,2022-04-17 00:33:07
646,Verkhnyaya Toyma,RU,62.2349,44.9985,21.31,98,23,2.01,few clouds,2022-04-17 00:33:07
647,Port Moresby,PG,-9.4431,147.1797,85.42,66,40,5.75,haze,2022-04-17 00:33:08
648,Sola,VU,-13.8833,167.55,88.47,74,20,4.61,few clouds,2022-04-17 00:33:08
649,Dicabisagan,PH,17.0818,122.4157,79.68,79,25,7.27,scattered clouds,2022-04-17 00:33:09
650,Mazatlan,MX,23.2167,-106.4167,87.76,20,75,17.27,broken clouds,2022-04-17 00:31:31
651,Ndele,CF,8.4109,20.6473,78.22,56,1,4.94,clear sky,2022-04-17 00:33:09
652,Las Tunas,CU,20.9617,-76.9511,71.04,88,100,4.18,overcast clouds,2022-04-17 00:33:10
653,Gusau,NG,12.1628,6.6614,86.05,40,100,1.63,overcast clouds,2022-04-17 00:33:10
654,Kikwit,CD,-5.041,18.8162,72.84,90,100,1.7,overcast clouds,2022-04-17 00:33:11
655,Thayetmyo,MM,19.3167,95.1833,85.44,62,97,5.73,overcast clouds,2022-04-17 00:33:11
656,Morristown,US,36.214,-83.2949,66.9,72,0,3.44,clear sky,2022-04-17 00:30:15
657,Pangai,TO,-19.8,-174.35,84.31,70,75,10.36,broken clouds,2022-04-17 00:33:11
658,Rosetta,EG,31.4044,30.4164,63.88,59,4,14.81,clear sky,2022-04-17 00:33:12
659,Deloraine,AU,-41.5333,146.6667,67.15,21,100,1.99,overcast clouds,2022-04-17 00:33:12
660,Qaqortoq,GL,60.7167,-46.0333,27.25,88,7,4.32,clear sky,2022-04-17 00:33:13
661,Camacha,PT,33.0833,-16.3333,60.22,82,20,11.5,few clouds,2022-04-17 00:31:55
662,Flinders,AU,-34.5833,150.8552,75.06,65,3,10.0,clear sky,2022-04-17 00:33:13
663,Siilinjarvi,FI,63.0833,27.6667,26.62,80,0,3.44,clear sky,2022-04-17 00:33:14
664,Walvis Bay,NA,-22.9575,14.5053,55.09,100,6,3.44,clear sky,2022-04-17 00:32:36
665,Angoche,MZ,-16.2325,39.9086,78.19,88,18,7.05,light rain,2022-04-17 00:33:14
666,Sidi Ali,DZ,36.0998,0.4206,56.21,66,3,4.7,clear sky,2022-04-17 00:33:15
667,Windsor,CA,42.3001,-83.0165,41.11,62,75,16.11,broken clouds,2022-04-17 00:31:24
668,Kuytun,RU,54.3419,101.5036,47.98,60,41,6.06,scattered clouds,2022-04-17 00:33:15
669,Muros,ES,42.7762,-9.0603,54.68,89,92,6.82,overcast clouds,2022-04-17 00:33:16
670,Natal,BR,-5.795,-35.2094,81.25,89,20,6.91,few clouds,2022-04-17 00:32:33
671,Saint-Augustin,CA,51.226,-58.6502,34.92,91,98,13.11,overcast clouds,2022-04-17 00:33:16
672,Tarko-Sale,RU,64.9225,77.785,13.57,92,100,15.97,overcast clouds,2022-04-17 00:32:07
673,Linjiang,CN,41.8069,126.9078,56.26,35,13,5.61,few clouds,2022-04-17 00:33:17
674,Itoman,JP,26.1247,127.6694,68.02,62,75,9.22,broken clouds,2022-04-17 00:33:17
675,Mooresville,US,35.5849,-80.8101,69.19,72,100,4.88,overcast clouds,2022-04-17 00:33:17
676,Puerto Carreno,CO,6.189,-67.4859,81.16,69,100,6.26,overcast clouds,2022-04-17 00:33:18
677,Chimoio,MZ,-19.1164,33.4833,66.06,100,75,3.65,light rain,2022-04-17 00:33:18
678,Vestmanna,FO,62.1564,-7.1664,45.52,100,100,17.27,moderate rain,2022-04-17 00:33:18
679,Omoljica,RS,44.7606,20.7281,43.02,76,100,12.15,overcast clouds,2022-04-17 00:33:19
680,Alofi,NU,-19.0595,-169.9187,87.69,66,31,6.91,scattered clouds,2022-04-17 00:33:19
681,Broome,US,42.2506,-75.833,42.89,81,100,1.01,overcast clouds,2022-04-17 00:33:19
682,Lucapa,AO,-8.4192,20.7447,65.61,96,98,2.55,overcast clouds,2022-04-17 00:33:20
683,Kirakira,SB,-10.4544,161.9205,85.86,62,89,5.68,overcast clouds,2022-04-17 00:32:35
684,Gorebridge,GB,55.8459,-3.0456,51.96,88,100,7.29,overcast clouds,2022-04-17 00:33:20
685,Tommot,RU,58.9564,126.2925,31.03,69,100,2.53,overcast clouds,2022-04-17 00:33:21
