City_ID,City,Country,Date,Lat,Lng,Max Temp,Humidity,Cloudiness,Wind Speed
0,Rikitea,PF,2022-04-16 17:00:22,-23.1203,-134.9692,78.1,72,47,16.6
1,Korla,CN,2022-04-16 17:01:43,41.7597,86.1469,53.26,12,0,3.29
2,Mahebourg,MU,2022-04-16 17:01:43,-20.4081,57.7,77.29,78,40,10.36
3,Victoria,HK,2022-04-16 17:01:24,22.2855,114.1577,72.18,76,98,15.01
4,Mahajanga,MG,2022-04-16 17:01:44,-15.7167,46.3167,84.56,64,0,7.11
5,Port Elizabeth,ZA,2022-04-16 16:58:42,-33.918,25.5701,62.89,75,0,5.75
6,Vostok,RU,2022-04-16 17:01:44,46.4856,135.8833,26.02,91,94,5.55
7,Saint Pete Beach,US,2022-04-16 17:01:44,27.7253,-82.7412,88.25,68,0,5.01
8,Bengkulu,ID,2022-04-16 17:01:45,-3.8004,102.2655,77.76,88,91,4.12
9,Vaini,TO,2022-04-16 17:00:34,-21.2,-175.2,81.21,67,98,12.3
10,Chisec,GT,2022-04-16 17:01:45,15.8167,-90.2833,88.59,54,52,3.44
11,Kalanwali,IN,2022-04-16 17:01:46,29.85,74.95,86.32,12,0,6.24
12,Tuktoyaktuk,CA,2022-04-16 17:01:46,69.4541,-133.0374,-6.61,93,32,5.03
13,Khatanga,RU,2022-04-16 17:01:10,71.9667,102.5,15.64,97,97,3.65
14,Bluff,NZ,2022-04-16 17:01:46,-46.6,168.3333,41.81,65,80,3.51
15,Avarua,CK,2022-04-16 17:01:47,-21.2078,-159.775,77.05,88,52,4.61
16,Busselton,AU,2022-04-16 17:01:47,-33.65,115.3333,59.9,75,75,11.7
17,Mgandu,TZ,2022-04-16 17:01:47,-5.95,34.1333,64.33,84,96,5.95
18,Kobryn,BY,2022-04-16 16:57:13,52.2138,24.3564,38.7,64,73,14.12
19,Sao Joao Da Barra,BR,2022-04-16 17:01:48,-21.6403,-41.0511,78.12,60,33,14.63
20,Benxi,CN,2022-04-16 17:00:24,41.2886,123.765,37.72,29,0,4.63
21,Port Alfred,ZA,2022-04-16 17:01:48,-33.5906,26.891,62.19,80,100,11.45
22,Lebu,CL,2022-04-16 17:00:55,-37.6167,-73.65,60.49,67,1,15.17
23,Ilulissat,GL,2022-04-16 17:01:08,69.2167,-51.1,17.62,57,40,12.66
24,Havre-Saint-Pierre,CA,2022-04-16 17:00:24,50.2334,-63.5986,35.96,100,100,2.3
25,Longyearbyen,SJ,2022-04-16 17:01:49,78.2186,15.6401,26.44,80,75,12.66
26,Jamestown,US,2022-04-16 17:00:18,42.097,-79.2353,43.95,74,100,10.36
27,Maple Creek,CA,2022-04-16 17:01:49,49.9168,-109.4848,28.38,65,11,7.52
28,Atuona,PF,2022-04-16 17:01:50,-9.8,-139.0333,78.85,81,20,18.1
29,Haines Junction,CA,2022-04-16 17:01:50,60.7522,-137.5108,22.55,80,100,1.48
30,Baft,IR,2022-04-16 17:01:50,29.234,56.6057,66.45,20,99,8.75
31,Thompson,CA,2022-04-16 17:01:51,55.7435,-97.8558,19.42,61,100,4.79
32,Jiuquan,CN,2022-04-16 17:01:51,39.7432,98.5174,45.95,15,2,24.94
33,Eydhafushi,MV,2022-04-16 17:01:51,5.1033,73.0708,84.85,72,13,8.72
34,Upernavik,GL,2022-04-16 17:01:52,72.7868,-56.1549,-4.85,87,59,16.84
35,New Norfolk,AU,2022-04-16 17:01:52,-42.7826,147.0587,52.92,76,92,2.91
36,Pamekasan,ID,2022-04-16 17:01:52,-7.1568,113.4746,79.3,84,93,1.34
37,Airai,TL,2022-04-16 17:00:55,-8.9266,125.4092,59.79,95,93,2.55
38,Yellowknife,CA,2022-04-16 16:57:51,62.456,-114.3525,3.72,60,40,6.91
39,Kapaa,US,2022-04-16 17:01:53,22.0752,-159.319,73.38,91,100,1.01
40,Ust-Nera,RU,2022-04-16 17:01:53,64.5667,143.2,-0.26,99,90,2.91
41,Mataura,NZ,2022-04-16 17:01:54,-46.1927,168.8643,41.49,97,81,2.01
42,Crestview,US,2022-04-16 16:59:26,30.7621,-86.5705,81.36,72,75,4.61
43,Port Moresby,PG,2022-04-16 17:01:54,-9.4431,147.1797,76.98,88,88,4.36
44,Colares,PT,2022-04-16 17:01:55,38.7992,-9.4469,77.99,47,0,6.91
45,Qaanaaq,GL,2022-04-16 17:01:55,77.484,-69.3632,-8.86,74,77,8.05
46,Arman,RU,2022-04-16 17:01:55,59.7,150.1667,12.29,80,13,8.37
47,Sawakin,SD,2022-04-16 17:01:56,19.1059,37.3321,80.98,61,1,4.14
48,Lorengau,PG,2022-04-16 17:01:19,-2.0226,147.2712,80.64,81,83,2.66
49,Asau,RO,2022-04-16 17:01:56,46.4333,26.4,50.95,92,100,9.84
50,Ushuaia,AR,2022-04-16 17:01:56,-54.8,-68.3,45.0,57,49,1.03
51,La Ronge,CA,2022-04-16 17:01:57,55.1001,-105.2842,25.02,73,100,4.79
52,Narsaq,GL,2022-04-16 17:01:57,60.9167,-46.05,41.22,63,1,1.72
53,Kahului,US,2022-04-16 17:01:58,20.8947,-156.47,73.85,95,100,4.0
54,Geraldton,AU,2022-04-16 16:59:26,-28.7667,114.6,66.61,77,90,11.5
55,Cape Town,ZA,2022-04-16 17:01:58,-33.9258,18.4232,66.11,62,0,11.99
56,Itarema,BR,2022-04-16 17:01:56,-2.9248,-39.9167,84.45,70,96,7.81
57,Butaritari,KI,2022-04-16 17:01:59,3.0707,172.7902,80.02,80,57,12.5
58,Garmsar,IR,2022-04-16 17:01:59,35.2182,52.3409,67.59,44,70,9.51
59,Sarishabari,BD,2022-04-16 17:01:59,24.7333,89.8333,74.75,73,8,13.15
60,Dikson,RU,2022-04-16 17:00:52,73.5069,80.5464,12.96,94,100,15.41
61,Bredasdorp,ZA,2022-04-16 17:00:00,-34.5322,20.0403,60.4,66,43,15.12
62,East London,ZA,2022-04-16 17:02:00,-33.0153,27.9116,61.56,78,100,7.29
63,Puerto Ayora,EC,2022-04-16 17:00:00,-0.7393,-90.3518,78.76,78,68,7.78
64,Mayya,RU,2022-04-16 17:02:01,61.7333,130.2811,20.52,97,100,4.16
65,Saldanha,ZA,2022-04-16 17:02:01,-33.0117,17.9442,62.33,63,0,12.82
66,Severo-Kurilsk,RU,2022-04-16 17:01:19,50.6789,156.125,30.9,87,100,16.55
67,Mar Del Plata,AR,2022-04-16 17:00:29,-38.0023,-57.5575,66.87,78,39,8.01
68,Beyla,GN,2022-04-16 17:02:02,8.6833,-8.6333,83.08,54,91,6.58
69,Necochea,AR,2022-04-16 17:02:02,-38.5473,-58.7368,68.99,48,38,6.29
70,Chuy,UY,2022-04-16 17:02:03,-33.6971,-53.4616,67.23,54,100,6.13
71,Arraial Do Cabo,BR,2022-04-16 17:02:03,-22.9661,-42.0278,74.25,68,21,20.83
72,Aklavik,CA,2022-04-16 17:02:04,68.2191,-135.0107,0.05,92,10,9.86
73,Faanui,PF,2022-04-16 17:02:04,-16.4833,-151.75,81.43,72,7,16.51
74,Torbay,CA,2022-04-16 17:02:05,47.6666,-52.7314,53.76,74,60,17.11
75,Leningradskiy,RU,2022-04-16 17:02:05,69.3833,178.4167,-5.06,99,73,6.02
76,Lianzhou,CN,2022-04-16 17:02:05,24.7811,112.3825,53.76,95,100,2.89
77,Sijunjung,ID,2022-04-16 17:02:06,-0.6876,100.9537,74.71,97,100,1.95
78,Comodoro Rivadavia,AR,2022-04-16 16:58:41,-45.8667,-67.5,60.66,41,0,12.66
79,Calvia,ES,2022-04-16 17:02:06,39.5657,2.5062,76.41,62,0,8.48
80,Nemuro,JP,2022-04-16 17:02:07,43.3236,145.575,32.34,74,5,6.55
81,Takoradi,GH,2022-04-16 17:02:07,4.8845,-1.7554,78.78,85,100,4.14
82,Chagoda,RU,2022-04-16 17:02:08,59.164,35.3285,30.31,90,68,5.57
83,Pochutla,MX,2022-04-16 17:02:08,15.7432,-96.4661,92.82,41,50,8.1
84,Barrow,US,2022-04-16 17:02:08,71.2906,-156.7887,-0.38,71,0,21.85
85,Yaounde,CM,2022-04-16 17:02:09,3.8667,11.5167,79.9,63,74,2.13
86,Bodden Town,KY,2022-04-16 17:02:09,19.2833,-81.25,84.99,69,2,6.4
87,Sorland,NO,2022-04-16 17:02:10,67.667,12.6934,42.53,95,98,12.64
88,Darasun,RU,2022-04-16 17:02:10,51.6667,114.0,29.37,47,85,4.21
89,Kaitangata,NZ,2022-04-16 17:02:10,-46.2817,169.8464,41.95,89,59,3.98
90,Samarai,PG,2022-04-16 17:01:13,-10.6167,150.6667,81.77,78,99,7.67
91,Bethel,US,2022-04-16 16:58:21,41.3712,-73.414,68.04,48,100,4.0
92,Beringovskiy,RU,2022-04-16 17:02:11,63.05,179.3167,28.54,96,100,19.71
93,Nikolskoye,RU,2022-04-16 17:02:12,59.7035,30.7861,40.89,77,10,3.94
94,Hermanus,ZA,2022-04-16 17:02:12,-34.4187,19.2345,60.8,69,1,21.27
95,Hobart,AU,2022-04-16 17:02:12,-42.8794,147.3294,53.28,90,87,8.05
96,Punta Arenas,CL,2022-04-16 16:57:47,-53.15,-70.9167,46.51,61,40,3.44
97,Provideniya,RU,2022-04-16 17:00:14,64.3833,-173.3,29.34,95,100,14.99
98,Hofn,IS,2022-04-16 17:02:13,64.2539,-15.2082,46.06,98,100,11.99
99,Castro,BR,2022-04-16 17:01:09,-24.7911,-50.0119,67.01,48,2,2.57
100,Port-Cartier,CA,2022-04-16 17:02:14,50.0334,-66.8654,38.21,85,55,13.85
101,Voh,NC,2022-04-16 17:02:14,-20.9667,164.7,69.85,88,2,3.76
102,Rawson,AR,2022-04-16 17:01:17,-43.3002,-65.1023,61.12,54,6,13.15
103,Albany,US,2022-04-16 16:59:49,42.6001,-73.9662,50.65,88,100,9.89
104,Tselinnoye,RU,2022-04-16 17:02:15,53.0833,85.6667,51.76,58,17,3.69
105,Saint-Philippe,RE,2022-04-16 17:02:15,-21.3585,55.7679,78.39,82,59,13.0
106,Nome,US,2022-04-16 17:02:16,64.5011,-165.4064,30.16,86,99,18.03
107,Tanout,NE,2022-04-16 17:02:16,14.9709,8.8879,99.32,11,49,12.64
108,Beloha,MG,2022-04-16 17:02:16,-25.1667,45.05,76.33,78,25,5.39
109,Luzhou,CN,2022-04-16 17:02:17,28.8724,105.4405,52.65,92,100,2.21
110,Fonte Boa,BR,2022-04-16 17:02:17,-2.4959,-66.2662,84.0,70,99,4.36
111,Whyalla,AU,2022-04-16 17:02:17,-33.0333,137.5833,72.52,45,1,16.31
112,Ponta Do Sol,PT,2022-04-16 17:02:18,32.6667,-17.1,74.03,44,100,7.34
113,Tiksi,RU,2022-04-16 17:02:18,71.6872,128.8694,-13.7,100,89,3.85
114,Juneau,US,2022-04-16 17:01:23,58.3019,-134.4197,39.85,75,100,0.98
115,Okhotsk,RU,2022-04-16 17:02:19,59.3833,143.3,11.46,94,48,6.93
116,Port Lincoln,AU,2022-04-16 17:00:17,-34.7333,135.8667,66.07,75,55,13.33
117,Palasa,IN,2022-04-16 17:02:19,18.7667,84.4167,80.71,67,80,7.9
118,Sirjan,IR,2022-04-16 17:02:20,29.452,55.6814,73.69,15,100,10.4
119,Callaway,US,2022-04-16 17:02:20,30.153,-85.5699,79.99,78,40,8.05
120,Hervey Bay,AU,2022-04-16 17:02:20,-25.2986,152.8535,69.26,68,43,12.35
121,Umm Lajj,SA,2022-04-16 17:02:21,25.0213,37.2685,77.92,64,0,7.47
122,Ribeira Grande,PT,2022-04-16 16:59:59,38.5167,-28.7,64.8,68,40,9.22
123,Norwich,GB,2022-04-16 17:00:46,52.6278,1.2983,62.22,63,0,8.05
124,Pringsewu,ID,2022-04-16 17:02:21,-5.3582,104.9744,74.35,97,79,2.71
125,Bandarbeyla,SO,2022-04-16 17:01:47,9.4942,50.8122,82.71,77,74,11.03
126,Saskylakh,RU,2022-04-16 17:01:21,71.9167,114.0833,10.72,93,100,11.92
127,Praia Da Vitoria,PT,2022-04-16 17:02:22,38.7333,-27.0667,60.03,74,96,5.55
128,Cayenne,GF,2022-04-16 17:02:22,4.9333,-52.3333,86.04,8,75,12.66
129,Ancud,CL,2022-04-16 17:02:23,-41.8697,-73.8203,65.23,66,33,3.8
130,Oranjemund,NA,2022-04-16 17:02:23,-28.55,16.4333,61.54,70,0,15.46
131,Katsuura,JP,2022-04-16 17:02:24,35.1333,140.3,52.74,71,89,10.49
132,Margate,GB,2022-04-16 17:02:24,51.3813,1.3862,54.7,76,3,5.01
133,Lethem,GY,2022-04-16 17:02:24,3.3803,-59.7968,89.98,47,99,8.63
134,Honningsvag,NO,2022-04-16 17:02:25,70.9821,25.9704,40.75,87,75,25.32
135,Half Moon Bay,US,2022-04-16 17:02:25,37.4636,-122.4286,60.62,93,100,11.5
136,Alice Springs,AU,2022-04-16 17:02:25,-23.7,133.8833,74.75,32,7,6.91
137,Dingle,PH,2022-04-16 17:02:26,10.9995,122.6711,76.01,88,31,5.19
138,Baringo,KE,2022-04-16 17:02:26,0.4667,35.9667,69.58,87,100,6.31
139,Los Llanos De Aridane,ES,2022-04-16 17:02:26,28.6585,-17.9182,70.12,68,75,13.8
140,Pacific Grove,US,2022-04-16 17:02:27,36.6177,-121.9166,57.42,90,75,17.0
141,Lichinga,MZ,2022-04-16 17:02:27,-13.3128,35.2406,61.93,88,72,5.1
142,Alugan,PH,2022-04-16 17:02:28,12.2188,125.4808,78.57,82,25,4.32
143,Lavrentiya,RU,2022-04-16 17:00:38,65.5833,-171.0,24.57,96,100,10.51
144,Alofi,NU,2022-04-16 17:02:28,-19.0595,-169.9187,81.28,74,58,9.06
145,Cherskiy,RU,2022-04-16 17:02:28,68.75,161.3,14.47,97,100,8.43
146,Sayyan,YE,2022-04-16 17:02:29,15.1718,44.3244,67.01,35,38,2.3
147,Sinnamary,GF,2022-04-16 17:02:29,5.3833,-52.95,82.36,68,87,10.45
148,Marsa Matruh,EG,2022-04-16 17:00:14,31.3525,27.2453,66.27,70,98,17.63
149,Luderitz,NA,2022-04-16 17:02:30,-26.6481,15.1594,66.27,61,0,12.5
150,Lompoc,US,2022-04-16 17:02:30,34.6391,-120.4579,64.56,79,100,15.99
151,Talnakh,RU,2022-04-16 17:02:30,69.4865,88.3972,17.44,93,100,2.93
152,Heihe,CN,2022-04-16 17:02:31,50.2441,127.4902,32.41,72,36,15.35
153,Salalah,OM,2022-04-16 17:02:31,17.0151,54.0924,81.07,75,0,4.74
154,Hambantota,LK,2022-04-16 17:02:31,6.1241,81.1185,81.23,80,32,7.83
155,Isla Mujeres,MX,2022-04-16 17:02:32,21.2311,-86.731,86.16,66,4,10.31
156,Mount Gambier,AU,2022-04-16 17:00:25,-37.8333,140.7667,64.42,53,99,10.09
157,Chizhou,CN,2022-04-16 17:02:32,30.6578,117.4831,50.07,81,99,3.2
158,Poum,NC,2022-04-16 17:02:32,-20.2333,164.0167,78.13,71,8,9.17
159,Kodiak,US,2022-04-16 17:02:33,57.79,-152.4072,38.71,81,100,19.57
160,Tuatapere,NZ,2022-04-16 17:02:33,-46.1333,167.6833,42.22,88,87,3.04
161,Taft,IR,2022-04-16 17:02:33,31.7471,54.2088,73.09,25,75,12.19
162,Hare Bay,CA,2022-04-16 17:02:34,48.8499,-54.0148,49.19,66,71,12.62
163,San Miguel,SV,2022-04-16 17:02:34,13.4833,-88.1833,96.13,38,69,2.66
164,Kokoda,PG,2022-04-16 17:02:34,-8.8785,147.7407,75.2,96,98,0.69
165,Palmer,US,2022-04-16 17:02:35,42.1584,-72.3287,65.57,43,100,8.01
166,Hilo,US,2022-04-16 16:59:12,19.7297,-155.09,74.28,96,75,3.44
167,Baghdad,IQ,2022-04-16 17:02:35,33.3406,44.4009,75.31,14,0,9.95
168,Rocha,UY,2022-04-16 16:59:26,-34.4833,-54.3333,67.93,56,87,5.68
169,Kurilsk,RU,2022-04-16 17:02:36,45.2333,147.8833,30.54,84,68,11.72
170,Livadiya,RU,2022-04-16 17:02:36,42.8692,132.6764,43.43,62,57,6.02
171,Rumoi,JP,2022-04-16 17:02:36,43.9344,141.6428,37.54,69,14,7.38
172,Kashi,CN,2022-04-16 17:02:37,39.4547,75.9797,60.22,20,5,2.1
173,Yaviza,PA,2022-04-16 17:02:37,8.1537,-77.6931,84.9,79,78,3.04
174,Ntungamo,UG,2022-04-16 17:02:37,-0.8833,29.65,65.62,98,100,0.92
175,Krasnyy Yar,RU,2022-04-16 17:02:38,46.5331,48.3456,55.33,59,60,10.18
176,Yulara,AU,2022-04-16 17:00:25,-25.2406,130.9889,72.82,51,92,1.72
177,Raga,SS,2022-04-16 17:02:38,8.4596,25.678,90.95,28,75,6.51
178,Mitsamiouli,KM,2022-04-16 17:02:38,-11.3847,43.2844,82.69,75,7,5.79
179,Sitka,US,2022-04-16 17:02:39,57.0531,-135.33,40.23,70,99,1.36
180,Hamilton,US,2022-04-16 17:02:09,39.1834,-84.5333,60.24,67,75,5.75
181,Shimoda,JP,2022-04-16 17:02:39,34.6667,138.95,56.3,81,99,10.42
182,Kisangani,CD,2022-04-16 17:02:40,0.5167,25.2,73.56,87,100,3.09
183,Vao,NC,2022-04-16 17:02:40,-22.6667,167.4833,76.64,75,2,9.24
184,Gimli,CA,2022-04-16 17:02:40,50.6336,-96.9907,20.88,77,100,9.55
185,Avera,US,2022-04-16 17:02:41,33.194,-82.5271,67.55,88,100,6.67
186,Bilma,NE,2022-04-16 17:02:41,18.6853,12.9164,99.32,6,82,9.78
187,Rayong,TH,2022-04-16 17:01:32,12.8333,101.4333,87.8,99,95,7.02
188,Eyl,SO,2022-04-16 17:02:41,7.9803,49.8164,82.35,73,53,11.65
189,Nantucket,US,2022-04-16 17:02:42,41.2835,-70.0995,60.94,71,0,20.71
190,Port Hedland,AU,2022-04-16 17:02:42,-20.3167,118.5667,80.65,61,7,6.91
191,Vikhorevka,RU,2022-04-16 17:02:43,56.1201,101.1636,47.79,98,100,3.09
192,Udachnyy,RU,2022-04-16 17:02:43,66.4167,112.4,23.5,96,100,9.37
193,Kyshtovka,RU,2022-04-16 17:02:43,56.555,76.6271,53.4,75,100,7.52
194,Oktyabrskoye,RU,2022-04-16 17:02:43,43.0645,44.7417,51.94,66,61,11.18
195,Broome,US,2022-04-16 17:02:44,42.2506,-75.833,46.02,77,100,12.66
196,Barcelos,PT,2022-04-16 17:00:48,41.5388,-8.6151,71.92,62,58,8.01
197,Henties Bay,NA,2022-04-16 17:02:44,-22.116,14.2845,61.88,78,2,7.92
198,Hithadhoo,MV,2022-04-16 17:02:45,-0.6,73.0833,83.48,64,99,3.09
199,Rokytnice Nad Jizerou,CZ,2022-04-16 17:02:45,50.7256,15.4336,48.06,60,43,9.42
200,Saint-Pierre,RE,2022-04-16 17:02:45,-21.3393,55.4781,78.48,74,20,16.11
201,Baoshan,CN,2022-04-16 17:02:46,46.5586,131.4244,35.29,38,2,5.91
202,Werda,BW,2022-04-16 17:02:46,-25.2667,23.2833,64.63,76,50,11.97
203,Sao Filipe,CV,2022-04-16 17:02:46,14.8961,-24.4956,71.91,76,3,12.73
204,Esperance,AU,2022-04-16 17:02:47,-33.8667,121.9,64.87,71,94,16.62
205,Moindou,NC,2022-04-16 17:02:47,-21.6924,165.677,71.82,78,0,3.91
206,Alta Floresta,BR,2022-04-16 17:01:16,-9.8756,-56.0861,81.86,82,98,2.19
207,Manggar,ID,2022-04-16 17:02:48,-2.8833,108.2667,81.93,74,45,5.01
208,Dongsheng,CN,2022-04-16 17:02:48,39.8161,109.9776,47.93,29,100,9.13
209,Namatanai,PG,2022-04-16 17:02:48,-3.6667,152.4333,79.07,83,98,3.76
210,Ust-Maya,RU,2022-04-16 17:02:49,60.4167,134.5333,9.95,98,87,1.83
211,Gold Coast,AU,2022-04-16 17:02:49,-28.0,153.4333,65.17,91,75,6.91
212,Kaduna,NG,2022-04-16 16:59:08,10.5222,7.4383,91.58,33,100,2.59
213,Cidreira,BR,2022-04-16 17:02:49,-30.1811,-50.2056,68.14,57,99,4.88
214,Chumikan,RU,2022-04-16 17:02:50,54.7183,135.315,19.56,95,100,3.85
215,Sassandra,CI,2022-04-16 17:00:47,4.95,-6.0833,81.64,75,100,8.61
216,Huntley,US,2022-04-16 17:02:50,42.1681,-88.4281,43.48,57,45,5.99
217,Sangar,RU,2022-04-16 17:02:50,63.9242,127.4739,-1.55,99,91,1.9
218,Jumla,NP,2022-04-16 17:02:51,29.2747,82.1838,47.77,61,74,4.83
219,Iquique,CL,2022-04-16 16:58:45,-20.2208,-70.1431,68.04,65,9,7.31
220,Roma,US,2022-04-16 17:00:04,43.2128,-75.4557,40.51,91,100,1.01
221,Pontianak,ID,2022-04-16 17:02:51,-0.0333,109.3333,75.18,94,20,0.0
222,Gatesville,US,2022-04-16 17:02:52,31.4352,-97.7439,74.08,57,100,8.88
223,Kalmunai,LK,2022-04-16 17:02:52,7.4167,81.8167,80.1,86,56,12.21
224,Panguna,PG,2022-04-16 17:02:52,-6.3164,155.4848,68.41,96,100,1.43
225,Calvinia,ZA,2022-04-16 17:02:53,-31.4707,19.776,64.15,37,0,15.5
226,Pevek,RU,2022-04-16 17:01:04,69.7008,170.3133,3.58,97,100,3.65
227,Neryungri,RU,2022-04-16 17:02:53,56.6709,124.6491,5.65,99,74,2.89
228,Caravelas,BR,2022-04-16 17:02:54,-17.7125,-39.2481,79.05,67,100,11.86
229,Damara,CF,2022-04-16 17:02:54,4.9608,18.7035,84.51,50,52,4.72
230,San Cristobal,VE,2022-04-16 17:02:54,7.7669,-72.225,83.14,48,90,9.8
231,Portland,US,2022-04-16 17:00:07,45.5234,-122.6762,48.74,71,93,7.0
232,Saint Anthony,US,2022-04-16 17:02:11,45.0205,-93.218,36.93,45,0,17.27
233,Contamana,PE,2022-04-16 17:02:55,-7.3333,-75.0167,90.48,47,74,3.89
234,Baykit,RU,2022-04-16 17:02:55,61.67,96.37,38.01,98,100,4.09
235,Gizo,SB,2022-04-16 17:02:56,-8.103,156.8419,82.08,73,100,5.53
236,Saint George,US,2022-04-16 16:58:02,37.1041,-113.5841,73.26,21,64,4.0
237,Sao Jose Da Coroa Grande,BR,2022-04-16 17:02:57,-8.8978,-35.1478,85.68,68,26,12.06
238,Waipawa,NZ,2022-04-16 17:02:57,-41.4122,175.5153,49.35,79,61,6.26
239,Uyemskiy,RU,2022-04-16 17:02:57,64.4743,40.8524,33.85,69,20,6.71
240,Tautira,PF,2022-04-16 17:02:58,-17.7333,-149.15,80.85,75,21,16.08
241,Cap Malheureux,MU,2022-04-16 17:02:58,-19.9842,57.6142,77.47,80,14,5.99
242,Chabahar,IR,2022-04-16 17:02:58,25.2919,60.643,84.51,60,48,8.25
243,Verkhoyansk,RU,2022-04-16 17:02:59,67.5447,133.385,-6.57,100,86,0.34
244,Kroya,ID,2022-04-16 17:02:59,-7.6331,109.2461,79.21,86,95,2.42
245,Zyrardow,PL,2022-04-16 17:02:59,52.0488,20.446,48.79,39,88,10.74
246,Kitimat,CA,2022-04-16 17:03:00,54.0524,-128.6534,41.92,60,7,2.39
247,Ust-Barguzin,RU,2022-04-16 17:03:00,53.45,108.9833,25.88,93,27,0.56
248,Seoul,KR,2022-04-16 16:58:56,37.5683,126.9778,47.64,76,0,3.44
249,Trairi,BR,2022-04-16 17:03:00,-3.2778,-39.2689,84.87,69,92,7.87
250,La Fleche,FR,2022-04-16 17:03:01,47.6982,-0.0755,70.12,63,1,10.4
251,Canavieiras,BR,2022-04-16 17:03:01,-15.675,-38.9472,74.44,95,100,8.7
252,Mahibadhoo,MV,2022-04-16 17:02:01,3.7833,72.9667,84.96,71,18,8.16
253,Kruisfontein,ZA,2022-04-16 17:03:02,-34.0033,24.7314,59.88,67,91,9.75
254,Karlstad,SE,2022-04-16 17:03:02,59.3793,13.5036,55.96,35,46,9.22
255,Grootfontein,NA,2022-04-16 17:03:03,-19.5667,18.1167,73.49,40,64,2.82
256,Dunedin,NZ,2022-04-16 17:03:03,-45.8742,170.5036,48.79,69,18,1.99
257,Ahipara,NZ,2022-04-16 17:01:17,-35.1667,173.1667,64.06,82,71,10.09
258,Aksarka,RU,2022-04-16 17:03:04,66.5606,67.7975,12.36,93,99,4.54
259,College,US,2022-04-16 17:02:50,64.8569,-147.8028,13.21,78,95,5.97
260,Shelburne,CA,2022-04-16 17:03:04,44.0787,-80.2041,43.75,38,32,12.35
261,Nalut,LY,2022-04-16 17:03:05,30.3333,10.85,62.58,59,93,21.83
262,Bambous Virieux,MU,2022-04-16 17:00:40,-20.3428,57.7575,77.25,78,40,10.36
263,Alekseyevka,RU,2022-04-16 17:03:05,50.6309,38.6903,55.62,72,100,10.18
264,Lazaro Cardenas,MX,2022-04-16 17:02:01,17.9583,-102.2,83.19,52,84,7.14
265,Sao Desiderio,BR,2022-04-16 17:03:06,-12.3633,-44.9733,80.82,77,88,1.92
266,Bilibino,RU,2022-04-16 17:02:21,68.0546,166.4372,5.25,97,90,4.34
267,Ontario,US,2022-04-16 16:59:24,34.0633,-117.6509,62.69,80,100,6.91
268,Hobyo,SO,2022-04-16 17:03:06,5.3505,48.5268,83.46,72,42,15.08
269,Usinsk,RU,2022-04-16 17:03:07,65.9939,57.5281,15.93,90,74,7.92
270,Merauke,ID,2022-04-16 17:03:07,-8.4667,140.3333,77.25,90,91,8.81
271,Pattaya,TH,2022-04-16 17:03:08,12.9333,100.8833,88.95,76,65,13.65
272,Miraflores,MX,2022-04-16 17:03:08,19.2167,-98.8083,78.03,32,12,3.31
273,Seymchan,RU,2022-04-16 17:03:09,62.8833,152.4333,-5.67,100,71,2.77
274,Souillac,MU,2022-04-16 17:01:28,-20.5167,57.5167,77.38,78,40,10.36
275,Jimma,ET,2022-04-16 17:03:09,7.6667,36.8333,62.33,95,100,2.21
276,Pitimbu,BR,2022-04-16 17:03:09,-7.4706,-34.8086,85.6,68,50,9.69
277,Clyde River,CA,2022-04-16 17:03:10,70.4692,-68.5914,-5.57,84,100,3.44
278,Luohe,CN,2022-04-16 17:03:10,33.5717,114.0353,47.16,72,97,6.76
279,Tasiilaq,GL,2022-04-16 17:03:11,65.6145,-37.6368,37.56,97,100,15.41
280,Grand Gaube,MU,2022-04-16 17:00:41,-20.0064,57.6608,77.4,80,17,5.99
281,Am Timan,TD,2022-04-16 17:03:11,11.0297,20.2827,97.38,23,97,2.46
282,Antalaha,MG,2022-04-16 17:03:11,-14.9003,50.2788,76.35,85,1,8.72
283,Fortuna,US,2022-04-16 17:03:12,40.5982,-124.1573,46.98,86,75,9.22
284,Reconquista,AR,2022-04-16 17:03:12,-29.15,-59.65,71.42,49,44,5.79
285,Gallup,US,2022-04-16 16:59:56,35.5281,-108.7426,61.02,12,8,7.0
286,Jacqueville,CI,2022-04-16 17:03:13,5.2052,-4.4146,80.69,80,100,8.37
287,Abha,SA,2022-04-16 17:03:13,18.2164,42.5053,66.45,42,0,6.91
288,Autazes,BR,2022-04-16 17:03:14,-3.5797,-59.1306,85.3,67,100,3.18
289,Riyadh,SA,2022-04-16 17:02:22,24.6877,46.7219,82.58,28,88,17.11
290,Turukhansk,RU,2022-04-16 17:03:14,65.8167,87.9833,37.18,100,100,20.8
291,San Bartolome De Tirajana,ES,2022-04-16 17:03:15,27.9248,-15.5733,67.32,62,0,24.16
292,Flinders,AU,2022-04-16 17:03:15,-34.5833,150.8552,59.18,91,23,3.0
293,Senanga,ZM,2022-04-16 17:03:15,-16.1167,23.2667,67.71,93,100,5.59
294,Liverpool,GB,2022-04-16 16:59:21,53.4106,-2.9779,69.51,64,20,16.11
295,Barra Patuca,HN,2022-04-16 17:03:16,15.8,-84.2833,83.75,65,75,8.77
296,Chokurdakh,RU,2022-04-16 17:03:16,70.6333,147.9167,-13.58,100,99,2.66
297,Makakilo City,US,2022-04-16 17:01:19,21.3469,-158.0858,72.01,89,100,4.61
298,Grindavik,IS,2022-04-16 17:03:17,63.8424,-22.4338,48.67,100,75,19.57
299,Nanortalik,GL,2022-04-16 17:01:36,60.1432,-45.2371,32.31,76,6,10.67
300,Mehran,IR,2022-04-16 17:03:17,33.1222,46.1646,74.05,15,0,12.91
301,Agbor,NG,2022-04-16 17:03:18,6.2518,6.1934,87.87,59,52,5.99
302,Vestmannaeyjar,IS,2022-04-16 17:01:52,63.4427,-20.2734,46.38,95,100,17.49
303,George,ZA,2022-04-16 17:02:52,-33.963,22.4617,59.59,75,40,14.0
304,Riachao,BR,2022-04-16 17:03:18,-7.3619,-46.6172,86.99,55,35,3.58
305,Talara,PE,2022-04-16 17:03:19,-4.5772,-81.2719,79.56,57,0,14.97
306,Yorkton,CA,2022-04-16 17:00:18,51.2167,-102.4677,21.29,80,100,2.53
307,Tateyama,JP,2022-04-16 17:03:19,34.9833,139.8667,53.1,69,79,13.22
308,Ratnagiri,IN,2022-04-16 17:03:20,16.9833,73.3,81.57,67,1,2.86
309,Taoudenni,ML,2022-04-16 17:03:20,22.6783,-3.9836,91.76,11,0,15.43
310,Nha Trang,VN,2022-04-16 17:03:21,12.25,109.1833,77.0,89,35,3.13
311,Mikhaylovka,RU,2022-04-16 17:03:21,50.06,43.2379,54.7,60,100,10.49
312,Petropavlovka,RU,2022-04-16 17:03:21,50.6114,105.3196,40.08,58,47,4.85
313,Esmeralda,CU,2022-04-16 17:03:22,21.8525,-78.1169,88.48,46,6,10.67
314,Pisco,PE,2022-04-16 17:00:59,-13.7,-76.2167,73.02,74,96,7.96
315,Mujiayingzi,CN,2022-04-16 17:03:22,42.1167,118.7833,45.95,25,1,7.0
316,Laguna,US,2022-04-16 17:03:22,38.421,-121.4238,61.02,85,75,13.8
317,Ust-Kuyga,RU,2022-04-16 17:03:23,70.0167,135.6,-16.35,100,80,1.1
318,Saint-Francois,FR,2022-04-16 17:03:23,46.4154,3.9054,67.44,42,0,12.66
319,Tahoua,NE,2022-04-16 17:03:23,14.8888,5.2692,97.86,15,93,15.43
320,Oskarshamn,SE,2022-04-16 17:03:24,57.2645,16.4484,44.44,64,46,6.04
321,Nouadhibou,MR,2022-04-16 17:03:24,20.931,-17.0347,64.9,90,5,17.4
322,Diamantino,BR,2022-04-16 17:00:17,-14.4086,-56.4461,84.74,62,83,4.68
323,Bud,US,2022-04-16 17:03:25,39.447,-86.1758,55.81,53,93,9.66
324,Sioux Lookout,CA,2022-04-16 17:03:25,50.1001,-91.917,20.73,85,100,9.19
325,Aravissos,GR,2022-04-16 17:03:26,40.84,22.2956,63.84,62,100,1.05
326,Maraba,BR,2022-04-16 16:58:42,-5.3686,-49.1178,86.18,84,75,3.44
327,Elko,US,2022-04-16 17:00:14,41.0002,-115.5012,52.74,57,18,5.01
328,Hegra,NO,2022-04-16 17:03:26,63.4644,11.114,53.51,47,0,10.36
329,Mangan,IN,2022-04-16 17:03:27,27.5167,88.5333,66.25,70,76,7.05
330,Ostrovnoy,RU,2022-04-16 17:03:27,68.0531,39.5131,32.18,82,100,10.07
331,Sergeyevka,KZ,2022-04-16 17:03:27,53.88,67.4158,50.34,54,99,8.21
332,Sola,VU,2022-04-16 17:03:28,-13.8833,167.55,81.57,72,100,2.64
333,Souris,CA,2022-04-16 17:03:28,49.6172,-100.2612,16.74,78,78,5.01
334,Daru,PG,2022-04-16 17:03:28,-9.0763,143.2092,79.32,86,79,8.01
335,Carnarvon,AU,2022-04-16 17:03:29,-24.8667,113.6333,76.98,69,78,22.26
336,Lasa,IT,2022-04-16 17:03:29,46.6166,10.7002,57.36,74,14,7.81
337,Kondinskoye,RU,2022-04-16 17:03:29,59.6481,67.41,32.56,98,100,8.21
338,Tulskiy,RU,2022-04-16 17:03:30,44.5094,40.1762,51.91,79,38,2.08
339,Touros,BR,2022-04-16 17:03:30,-5.1989,-35.4608,86.23,64,72,10.8
340,Karratha,AU,2022-04-16 17:03:30,-20.7377,116.8463,84.09,47,14,8.03
341,Sao Miguel Do Araguaia,BR,2022-04-16 17:03:31,-13.275,-50.1628,86.77,59,19,4.07
342,Vila Do Maio,CV,2022-04-16 17:03:31,15.1333,-23.2167,79.59,78,10,13.65
343,Yar-Sale,RU,2022-04-16 17:03:31,66.8333,70.8333,15.53,90,100,17.76
344,Port Hawkesbury,CA,2022-04-16 17:03:08,45.6169,-61.3485,65.89,45,44,17.02
345,Lata,PT,2022-04-16 17:00:01,40.1629,-8.3327,58.82,48,18,8.7
346,Ust-Uda,RU,2022-04-16 17:03:32,54.1742,103.0304,34.65,91,89,2.24
347,Caraballeda,VE,2022-04-16 17:03:32,10.6112,-66.8522,93.36,54,75,6.91
348,Paka,MY,2022-04-16 17:03:33,4.6374,103.4368,79.32,86,98,3.13
349,Lalibela,ET,2022-04-16 17:03:33,12.0333,39.0333,65.25,52,90,8.05
350,Berlevag,NO,2022-04-16 17:03:33,70.8578,29.0864,39.0,96,100,31.52
351,Wanning,CN,2022-04-16 17:03:34,18.8003,110.3967,77.18,82,57,7.49
352,Yermakovskoye,RU,2022-04-16 17:03:34,53.2831,92.4003,45.61,75,75,3.83
353,Vilyuysk,RU,2022-04-16 17:03:34,63.7553,121.6247,6.4,100,97,3.02
354,Alta,NO,2022-04-16 17:03:35,69.9689,23.2717,45.66,69,75,14.97
355,Bonavista,CA,2022-04-16 17:03:35,48.6499,-53.1147,39.65,85,77,12.01
356,Darnah,LY,2022-04-16 17:03:35,32.767,22.6367,63.86,80,88,17.76
357,Lukovetskiy,RU,2022-04-16 17:03:36,64.2956,41.9211,27.7,89,86,5.1
358,Jiaozuo,CN,2022-04-16 17:03:36,35.2397,113.2331,54.25,29,100,3.98
359,Anadyr,RU,2022-04-16 17:03:36,64.75,177.4833,16.0,91,93,12.59
360,Georgiyevskoye,RU,2022-04-16 17:03:37,58.731,45.024,28.89,78,100,5.3
361,Tenenkou,ML,2022-04-16 17:03:37,14.4572,-4.9169,102.15,10,67,11.05
362,Puerto Escondido,MX,2022-04-16 17:03:37,15.85,-97.0667,86.83,74,0,10.36
363,Namibe,AO,2022-04-16 17:03:38,-15.1961,12.1522,73.15,77,38,11.88
364,Acapulco,MX,2022-04-16 17:00:25,16.8634,-99.8901,86.72,51,38,8.41
365,Kavieng,PG,2022-04-16 17:03:38,-2.5744,150.7967,81.57,80,88,7.81
366,Payo,ID,2022-04-16 17:03:38,-3.7508,103.6372,73.29,98,100,2.06
367,Saint-Georges,GD,2022-04-16 16:59:28,12.0564,-61.7485,83.88,74,20,25.32
368,Tura,IN,2022-04-16 17:03:39,25.5198,90.2201,70.56,67,2,7.45
369,Powell River,CA,2022-04-16 17:00:06,49.8496,-124.5361,44.33,49,46,8.5
370,Mandera,KE,2022-04-16 17:03:39,3.9366,41.867,90.39,41,99,11.68
371,Metz,FR,2022-04-16 17:03:40,49.1191,6.1727,61.79,39,0,17.27
372,Rundu,NA,2022-04-16 17:03:40,-17.9333,19.7667,69.37,75,100,2.98
373,Ende,ID,2022-04-16 17:03:41,-8.8432,121.6623,78.28,86,81,2.73
374,Coihaique,CL,2022-04-16 16:59:07,-45.5752,-72.0662,54.21,59,50,2.35
375,Adrar,MR,2022-04-16 17:03:41,20.5022,-10.0711,97.56,7,0,7.54
376,Huaidian,CN,2022-04-16 17:03:41,33.4333,115.0333,45.52,49,78,5.1
377,Greenville,US,2022-04-16 16:59:43,35.6127,-77.3663,69.13,74,100,3.44
378,Muros,ES,2022-04-16 17:02:35,42.7762,-9.0603,77.68,76,65,8.95
379,Montrose,US,2022-04-16 17:03:42,38.4166,-108.2673,51.21,26,100,25.86
380,Guamuchil,MX,2022-04-16 17:03:42,25.4667,-108.1,91.58,9,88,2.33
381,Gra Liyia,GR,2022-04-16 17:03:43,35.0167,25.6833,66.13,33,94,4.0
382,Nauta,PE,2022-04-16 17:03:43,-4.5061,-73.5757,83.91,75,84,2.8
383,Laramie,US,2022-04-16 17:03:43,41.3114,-105.5911,51.1,33,0,18.41
384,Las Animas,CL,2022-04-16 17:03:44,-39.8087,-73.2182,62.74,47,44,4.99
385,Kytmanovo,RU,2022-04-16 17:03:44,53.4593,85.4479,51.75,64,37,3.06
386,Kirovskiy,RU,2022-04-16 17:03:44,45.0917,133.5136,39.0,72,35,2.8
387,Phalaborwa,ZA,2022-04-16 17:00:52,-23.943,31.1411,65.41,81,100,15.68
388,Smithers,CA,2022-04-16 17:03:45,54.7804,-127.1743,37.53,45,13,1.95
389,Zhigansk,RU,2022-04-16 17:03:45,66.7697,123.3711,-7.04,100,29,3.91
390,Marawi,PH,2022-04-16 17:03:46,7.9986,124.2928,68.68,94,73,1.01
391,North Bend,US,2022-04-16 17:03:46,43.4065,-124.2243,49.06,89,75,0.0
392,Saint-Augustin,CA,2022-04-16 17:02:12,51.226,-58.6502,33.6,99,100,13.0
393,Chebsara,RU,2022-04-16 17:03:46,59.2002,38.8356,38.53,87,45,6.98
394,Guerrero Negro,MX,2022-04-16 17:03:47,27.9769,-114.0611,65.52,67,91,16.98
395,Verkhniy Mamon,RU,2022-04-16 17:03:47,50.1635,40.3832,55.65,67,100,13.31
396,Shahe,CN,2022-04-16 17:03:48,39.2708,113.5478,47.66,23,25,1.48
397,Hualmay,PE,2022-04-16 17:03:48,-11.0964,-77.6139,71.64,72,76,12.03
398,Susuman,RU,2022-04-16 17:03:48,62.7833,148.1667,-10.17,100,75,2.62
399,Loja,EC,2022-04-16 16:59:41,-3.9931,-79.2042,69.28,66,66,5.5
400,Korem,ET,2022-04-16 17:03:49,12.5058,39.5228,63.7,52,97,2.75
401,Zanjan,IR,2022-04-16 17:02:43,36.6736,48.4787,40.41,75,33,9.13
402,Bara,NG,2022-04-16 17:03:49,10.3744,10.7288,98.11,27,12,5.84
403,Panlaitan,PH,2022-04-16 17:03:50,12.1191,119.8486,81.34,76,29,5.14
404,Aguimes,ES,2022-04-16 17:03:50,27.9054,-15.4461,74.66,68,0,25.99
405,Kidal,ML,2022-04-16 17:03:50,18.4411,1.4078,90.97,6,93,13.15
406,Praya,CV,2022-04-16 17:02:54,14.9215,-23.5087,79.34,53,20,19.57
407,Maroantsetra,MG,2022-04-16 17:03:51,-15.4333,49.7333,76.78,85,6,7.36
408,Rudnichnyy,RU,2022-04-16 17:03:51,59.617,52.4703,23.22,94,100,3.31
409,Klaksvik,FO,2022-04-16 16:59:57,62.2266,-6.589,49.12,91,96,18.43
410,Coahuayana,MX,2022-04-16 17:03:34,18.7333,-103.6833,88.84,38,42,5.75
411,Brooks,CA,2022-04-16 17:00:07,50.5834,-111.8851,31.03,60,12,10.83
412,Lagoa,PT,2022-04-16 17:03:52,39.05,-27.9833,59.68,69,94,6.62
413,Eureka,US,2022-04-16 17:02:57,40.8021,-124.1637,47.25,71,77,1.99
414,Zandvoort,NL,2022-04-16 17:00:30,52.3749,4.5341,61.95,32,0,10.36
415,Puerto Del Rosario,ES,2022-04-16 17:03:52,28.5004,-13.8627,71.35,73,0,10.36
416,Lerwick,GB,2022-04-16 17:03:53,60.1545,-1.1494,46.4,94,100,20.36
417,Chivilcoy,AR,2022-04-16 17:03:53,-34.8957,-60.0167,73.49,35,5,6.71
418,Manacapuru,BR,2022-04-16 17:03:53,-3.2997,-60.6206,86.2,62,99,1.74
419,Sao Felix Do Xingu,BR,2022-04-16 17:00:46,-6.6447,-51.995,86.92,64,65,2.24
420,Agaro,ET,2022-04-16 17:03:54,7.85,36.65,63.68,96,98,3.62
421,Boa Vista,BR,2022-04-16 17:03:54,2.8197,-60.6733,91.38,46,40,14.97
422,Kudahuvadhoo,MV,2022-04-16 17:01:03,2.6708,72.8944,84.47,74,35,7.63
423,High Prairie,CA,2022-04-16 17:03:55,55.4334,-116.4858,30.83,51,100,7.07
424,Walvis Bay,NA,2022-04-16 17:03:55,-22.9575,14.5053,56.08,72,15,9.95
425,Bantogon,PH,2022-04-16 17:03:55,6.5333,124.0333,78.24,85,96,3.18
426,Kuytun,RU,2022-04-16 17:03:56,54.3419,101.5036,42.33,83,100,5.19
427,Teruel,ES,2022-04-16 17:03:56,40.6667,-0.6667,58.93,40,1,19.55
428,Srednekolymsk,RU,2022-04-16 17:03:56,67.45,153.6833,-1.59,100,100,2.42
429,Coffs Harbour,AU,2022-04-16 17:03:57,-30.3,153.1333,64.36,77,100,9.22
430,Mumford,GH,2022-04-16 17:03:57,5.2618,-0.759,77.7,86,100,11.1
431,Batticaloa,LK,2022-04-16 17:03:57,7.7102,81.6924,81.14,83,39,10.8
432,Aitape,PG,2022-04-16 17:03:58,-3.1374,142.3475,77.72,88,67,2.71
433,Mozarlandia,BR,2022-04-16 17:03:58,-14.7447,-50.5706,89.76,45,4,5.44
434,Humaita,BR,2022-04-16 17:03:59,-7.5061,-63.0208,82.38,84,99,2.59
435,Dabou,CI,2022-04-16 17:01:15,5.3256,-4.3769,80.19,82,100,8.1
436,Gorontalo,ID,2022-04-16 17:03:59,0.5412,123.0595,75.45,95,90,3.13
437,Marsh Harbour,BS,2022-04-16 17:03:59,26.5412,-77.0636,77.4,70,39,9.93
438,Celestun,MX,2022-04-16 17:04:00,20.8667,-90.4,88.29,51,50,2.8
439,Teya,RU,2022-04-16 17:04:00,60.3778,92.6267,44.1,95,100,11.63
440,Inhambane,MZ,2022-04-16 17:04:00,-23.865,35.3833,72.91,89,95,8.72
441,Constitucion,CL,2022-04-16 17:04:01,-35.3333,-72.4167,63.88,56,0,7.9
442,Tazovskiy,RU,2022-04-16 17:04:01,67.4667,78.7,18.59,94,100,13.44
443,Iqaluit,CA,2022-04-16 17:00:14,63.7506,-68.5145,5.7,71,100,4.43
444,Sisimiut,GL,2022-04-16 17:04:02,66.9395,-53.6735,22.35,47,0,6.76
445,Solenzo,BF,2022-04-16 17:04:02,12.1833,-4.0833,78.58,48,100,10.42
446,Maningrida,AU,2022-04-16 17:04:03,-12.0667,134.2667,75.06,88,100,7.27
447,Biak,ID,2022-04-16 17:04:03,-0.9131,122.8766,76.71,86,97,2.21
448,Okha,RU,2022-04-16 17:04:03,53.5739,142.9478,26.65,90,100,11.3
449,Norman Wells,CA,2022-04-16 17:04:04,65.282,-126.8329,5.61,84,56,4.85
450,Cabo San Lucas,MX,2022-04-16 16:59:07,22.8909,-109.9124,85.17,46,100,3.0
451,Viedma,AR,2022-04-16 17:04:04,-40.8135,-62.9967,70.7,45,7,12.95
452,Coronel Fabriciano,BR,2022-04-16 17:04:05,-19.5186,-42.6289,78.35,65,69,3.83
453,Montijo,PT,2022-04-16 17:01:10,38.7067,-8.9739,78.22,46,0,11.5
454,Elmont,US,2022-04-16 17:04:05,40.7009,-73.7129,72.14,47,75,13.0
455,Sibolga,ID,2022-04-16 17:04:06,1.7427,98.7792,78.49,86,84,3.18
456,Kloulklubed,PW,2022-04-16 17:04:06,7.0419,134.2556,73.9,74,99,3.11
457,Noumea,NC,2022-04-16 17:04:06,-22.2763,166.4572,75.0,99,0,9.1
458,Deputatskiy,RU,2022-04-16 17:04:07,69.3,139.9,-1.64,97,100,1.79
459,Ayorou,NE,2022-04-16 17:04:07,14.7308,0.9174,98.55,20,100,12.5
460,Nizhniy Tsasuchey,RU,2022-04-16 17:04:08,50.5167,115.1333,33.96,51,61,10.27
461,Kamaishi,JP,2022-04-16 17:04:08,39.2667,141.8833,38.8,80,0,8.61
462,Cascais,PT,2022-04-16 17:01:49,38.6979,-9.4215,78.15,44,0,6.91
463,Vanimo,PG,2022-04-16 17:04:09,-2.6741,141.3028,77.97,88,65,2.68
464,Yerbogachen,RU,2022-04-16 17:03:35,61.2767,108.0108,33.71,99,100,6.02
465,Tessalit,ML,2022-04-16 17:03:30,20.1986,1.0114,84.99,11,57,16.58
466,Arauca,CO,2022-04-16 17:04:09,7.0847,-70.7591,92.44,42,97,4.85
467,Kiunga,PG,2022-04-16 17:04:10,-6.1219,141.2906,74.55,99,89,1.19
468,Svetlogorsk,BY,2022-04-16 17:04:10,52.6333,29.7333,38.7,76,96,9.1
469,Phan Thiet,VN,2022-04-16 17:04:10,10.9333,108.1,78.73,85,29,4.25
470,Santa Isabel Do Rio Negro,BR,2022-04-16 17:04:11,-0.4139,-65.0192,81.88,69,99,3.74
471,Dunmanway,IE,2022-04-16 17:04:11,51.7167,-9.1167,52.72,90,99,13.47
472,Agropoli,IT,2022-04-16 17:04:12,40.3469,14.9966,66.43,66,100,5.79
473,Salamiyah,SY,2022-04-16 17:04:12,35.0113,37.0532,64.78,35,29,5.53
474,Lepaterique,HN,2022-04-16 17:04:12,14.0667,-87.4667,74.8,33,47,4.03
475,Northam,GB,2022-04-16 17:04:13,51.0333,-4.2167,62.26,81,100,7.27
476,Aksay,RU,2022-04-16 17:04:13,47.26,39.87,56.25,53,99,8.01
477,Botou,CN,2022-04-16 17:04:14,38.0667,116.5667,52.54,29,3,9.6
478,Paamiut,GL,2022-04-16 17:04:14,61.994,-49.6678,29.35,69,3,17.13
479,Awjilah,LY,2022-04-16 17:04:14,29.1081,21.2869,99.55,7,32,9.95
480,Port-Gentil,GA,2022-04-16 17:04:15,-0.7193,8.7815,84.16,74,40,6.91
481,Ballyshannon,IE,2022-04-16 17:04:15,54.5,-8.1833,58.96,71,100,12.39
482,Mildura,AU,2022-04-16 17:04:16,-34.2,142.15,63.07,48,8,11.36
483,Bismarck,US,2022-04-16 17:02:02,46.8083,-100.7837,26.44,73,0,11.5
484,Dwarka,IN,2022-04-16 17:04:16,22.2394,68.9678,80.83,79,0,10.92
485,Tabas,IR,2022-04-16 17:04:17,33.5959,56.9244,83.21,14,33,4.14
486,Georgetown,MY,2022-04-16 17:00:20,5.4112,100.3354,82.33,83,20,0.0
487,Cocobeach,GA,2022-04-16 17:04:17,1.0002,9.5823,81.34,80,92,5.06
488,Mount Isa,AU,2022-04-16 17:04:17,-20.7333,139.5,76.77,27,2,3.44
489,Bubaque,GW,2022-04-16 17:04:18,11.2833,-15.8333,75.99,73,18,20.27
490,Ouargaye,BF,2022-04-16 17:04:18,11.5033,0.0572,90.77,34,100,10.45
491,Vrchlabi,CZ,2022-04-16 17:04:18,50.627,15.6094,48.43,60,54,8.32
492,Christchurch,NZ,2022-04-16 17:00:00,-43.5333,172.6333,54.95,74,100,3.44
493,Joshimath,IN,2022-04-16 17:04:19,30.5667,79.5667,56.34,62,92,6.33
494,Leh,IN,2022-04-16 17:04:19,34.1667,77.5833,38.68,36,38,6.6
495,Warrington,GB,2022-04-16 17:04:20,53.3925,-2.5802,69.24,57,20,13.8
496,Tezu,IN,2022-04-16 17:04:20,27.9167,96.1667,66.6,88,98,7.11
497,San Patricio,US,2022-04-16 17:04:20,28.017,-97.5169,84.29,76,100,13.35
498,Fukue,JP,2022-04-16 17:03:28,32.6881,128.8419,57.58,61,100,14.12
499,Pilibanga,IN,2022-04-16 17:04:21,29.4916,74.079,89.26,9,0,7.43
500,Progreso,MX,2022-04-16 17:00:36,21.2833,-89.6667,93.31,49,16,7.83
501,Bathsheba,BB,2022-04-16 17:01:08,13.2167,-59.5167,81.37,70,56,19.69
502,Srandakan,ID,2022-04-16 17:04:21,-7.9386,110.2506,78.24,88,72,2.8
503,Evensk,RU,2022-04-16 17:04:22,61.95,159.2333,23.02,82,100,5.75
504,Maceio,BR,2022-04-16 16:59:40,-9.6658,-35.7353,89.04,62,75,10.36
505,Matara,LK,2022-04-16 17:04:22,5.9485,80.5353,80.22,84,50,4.27
506,Rio Gallegos,AR,2022-04-16 17:01:39,-51.6226,-69.2181,53.94,53,68,5.14
507,Solwezi,ZM,2022-04-16 17:00:57,-12.1688,26.3894,63.75,96,84,4.92
508,Calama,CL,2022-04-16 17:04:23,-22.4667,-68.9333,68.49,12,0,20.71
509,Baiyin,CN,2022-04-16 17:04:23,36.5583,104.2081,41.76,54,100,19.48
510,Port Said,EG,2022-04-16 17:04:24,31.2565,32.2841,65.66,69,60,15.52
511,Trud,BG,2022-04-16 17:04:24,42.2333,24.7333,67.98,82,100,6.58
512,Yekaterinogradskaya,RU,2022-04-16 17:04:24,43.7635,44.2317,52.84,67,81,6.42
513,Pangai,TO,2022-04-16 17:04:25,-19.8,-174.35,81.52,77,75,14.5
514,Fort Nelson,CA,2022-04-16 17:01:16,58.8053,-122.7002,13.59,67,75,12.66
515,Talcher,IN,2022-04-16 17:04:25,20.95,85.2167,83.37,54,62,4.16
516,Codrington,AU,2022-04-16 17:04:25,-38.2667,141.9667,67.28,43,93,15.59
517,Zhangzhou,CN,2022-04-16 17:00:14,24.5133,117.6556,62.01,54,100,5.19
518,Malovat,RO,2022-04-16 17:04:26,44.7044,22.7311,54.97,60,18,15.39
519,Uzhur,RU,2022-04-16 17:04:26,55.3036,89.8339,51.19,57,30,5.7
520,Birjand,IR,2022-04-16 17:04:27,32.8663,59.2211,71.04,22,7,5.28
521,Sambava,MG,2022-04-16 17:04:27,-14.2667,50.1667,77.88,85,4,12.48
522,Ventimiglia,IT,2022-04-16 17:04:27,43.7935,7.6026,73.35,76,51,7.4
523,Belorechensk,RU,2022-04-16 17:04:28,44.76,39.87,52.12,75,10,3.27
524,Qui Nhon,VN,2022-04-16 17:04:28,13.7667,109.2333,76.37,91,36,1.57
525,Ongandjera,NA,2022-04-16 17:04:28,-17.8833,15.0667,81.61,31,97,3.83
526,Ubon Ratchathani,TH,2022-04-16 17:04:29,15.1667,105.1667,85.01,72,98,8.34
527,Albi,FR,2022-04-16 17:00:48,43.9298,2.148,72.1,63,45,10.49
528,Kandrian,PG,2022-04-16 17:04:29,-6.2167,149.55,77.47,90,100,4.14
529,Erdemli,TR,2022-04-16 17:04:29,36.605,34.3084,60.19,60,34,4.52
530,Mestia,GE,2022-04-16 17:04:30,43.0458,42.7278,34.14,91,38,3.85
531,Mussomeli,IT,2022-04-16 17:04:30,37.5778,13.7513,60.53,57,59,0.65
532,Svetlaya,RU,2022-04-16 17:04:31,46.5389,138.3297,36.7,84,67,4.61
533,Mwene-Ditu,CD,2022-04-16 17:04:31,-7.0,23.45,69.84,90,88,2.33
534,Chiredzi,ZW,2022-04-16 17:04:31,-21.05,31.6667,69.01,86,100,10.8
535,Altamira,BR,2022-04-16 17:02:19,-3.2033,-52.2064,85.75,63,67,3.6
536,Vangaindrano,MG,2022-04-16 17:04:32,-23.35,47.6,74.89,86,49,5.46
537,Tomatlan,MX,2022-04-16 17:04:32,19.9333,-105.25,90.25,28,100,5.37
538,Jinka,ET,2022-04-16 17:04:32,5.65,36.65,65.35,85,98,1.77
539,Belyy Yar,RU,2022-04-16 17:04:33,53.6039,91.3903,39.09,45,19,2.24
540,Lamu,KE,2022-04-16 17:04:33,-2.2717,40.902,82.62,78,100,11.97
541,Hasaki,JP,2022-04-16 17:04:33,35.7333,140.8333,45.0,65,63,8.57
542,Kavaratti,IN,2022-04-16 17:04:34,10.5669,72.642,84.45,72,29,4.9
543,Ngunguru,NZ,2022-04-16 17:04:34,-35.6167,174.5,64.94,82,86,12.64
544,Vorukh,TJ,2022-04-16 17:04:34,39.8494,70.5838,62.51,42,11,4.47
545,Asosa,ET,2022-04-16 17:04:35,10.0667,34.5333,67.03,82,85,4.27
546,Shafter,US,2022-04-16 17:04:35,35.5005,-119.2718,65.19,55,66,3.74
547,Nacala,MZ,2022-04-16 17:04:35,-14.5428,40.6728,78.28,84,1,6.2
548,Petropavlovsk-Kamchatskiy,RU,2022-04-16 17:03:57,53.0452,158.6483,20.14,76,95,4.34
549,Shingu,JP,2022-04-16 17:04:36,33.7333,135.9833,48.67,58,65,5.88
550,Lathrop,US,2022-04-16 17:04:36,37.8227,-121.2766,60.26,83,100,13.8
551,Obeliai,LT,2022-04-16 17:04:37,55.9667,25.15,38.32,68,73,6.35
552,Iracoubo,GF,2022-04-16 17:04:37,5.4802,-53.2011,82.27,69,71,10.18
553,Batamshinskiy,KZ,2022-04-16 17:04:37,50.5594,58.2747,47.98,73,94,6.35
554,Narsingi,IN,2022-04-16 17:04:38,18.0333,78.4333,86.65,36,83,13.44
555,Espanola,US,2022-04-16 17:00:17,35.9911,-106.0806,68.72,9,21,4.0
556,Sokoto,NG,2022-04-16 17:00:24,13.0609,5.239,101.64,17,65,10.33
557,Hami,CN,2022-04-16 17:04:38,42.8,93.45,53.17,20,0,7.63
558,Banepa,NP,2022-04-16 17:04:39,27.6298,85.5214,66.52,37,20,2.3
559,Virginia Beach,US,2022-04-16 17:04:39,36.8529,-75.978,70.02,70,100,9.22
560,Parabel,RU,2022-04-16 17:04:39,58.6978,81.4825,46.72,80,100,10.31
561,Naze,JP,2022-04-16 17:04:40,28.3667,129.4833,60.49,60,81,8.68
